SPAD,CROP,A/L,L/F,NAMEOFIMAGE
41.5,CABBAGE,ATOK,L,IMG_20250320_070522.jpg
28.7,CABBAGE,ATOK,L,IMG_20250320_070618.jpg
33.2,CABBAGE,ATOK,L,IMG_20250320_070638.jpg
45.3,CABBAGE,ATOK,L,IMG_20250320_070835.jpg
35.3,CABBAGE,ATOK,L,IMG_20250320_070901.jpg
32.2,CABBAGE,ATOK,L,IMG_20250320_070927.jpg
42.3,CABBAGE,ATOK,L,IMG_20250320_070946.jpg
32.9,CABBAGE,ATOK,L,IMG_20250320_071006.jpg
29.7,CABBAGE,ATOK,L,IMG_20250320_071025.jpg
47.3,CABBAGE,ATOK,L,IMG_20250320_071050.jpg
36.2,CABBAGE,ATOK,L,IMG_20250320_071113.jpg
37.6,CABBAGE,ATOK,L,IMG_20250320_071134.jpg
39.9,CABBAGE,ATOK,L,IMG_20250320_071202.jpg
35.2,CABBAGE,ATOK,L,IMG_20250320_071241.jpg
38.6,CABBAGE,ATOK,L,IMG_20250320_071308.jpg
47.7,CABBAGE,ATOK,L,IMG_20250320_071334.jpg
46.5,CABBAGE,ATOK,L,IMG_20250320_071354.jpg
42.8,CABBAGE,ATOK,L,IMG_20250320_071425.jpg
35.2,CABBAGE,ATOK,L,IMG_20250320_071520.jpg
45.1,CABBAGE,ATOK,L,IMG_20250320_071615.jpg
42.3,CABBAGE,ATOK,L,IMG_20250320_071641.jpg
35.8,CABBAGE,ATOK,L,IMG_20250320_071712.jpg
16.7,CABBAGE,ATOK,L,IMG_20250320_071732.jpg
37.4,CABBAGE,ATOK,L,IMG_20250320_071752.jpg
33.1,CABBAGE,ATOK,L,IMG_20250320_071812.jpg
11.4,CABBAGE,ATOK,L,IMG_20250320_071826.jpg
23.5,CABBAGE,ATOK,L,IMG_20250320_071846.jpg
24.5,CABBAGE,ATOK,L,IMG_20250320_071913.jpg
46.0,CABBAGE,ATOK,L,IMG_20250320_071941.jpg
28.0,CABBAGE,ATOK,L,IMG_20250320_071956.jpg
40.0,CABBAGE,ATOK,L,IMG_20250320_072011.jpg
37.1,CABBAGE,ATOK,L,IMG_20250320_072030.jpg
42.6,CABBAGE,ATOK,L,IMG_20250320_072046.jpg
35.5,CABBAGE,ATOK,L,IMG_20250320_072107.jpg
31.6,CABBAGE,ATOK,L,IMG_20250320_072127.jpg
27.5,CABBAGE,ATOK,L,IMG_20250320_072147.jpg
54.4,CABBAGE,ATOK,L,IMG_20250320_072208.jpg
37.0,CABBAGE,ATOK,L,IMG_20250320_072224.jpg
5.1,CABBAGE,ATOK,L,IMG_20250320_072235.jpg
44.2,CABBAGE,ATOK,L,IMG_20250320_072249.jpg
41.9,CABBAGE,ATOK,L,IMG_20250320_072318.jpg
36.1,CABBAGE,ATOK,L,IMG_20250320_072341.jpg
39.7,CABBAGE,ATOK,L,IMG_20250320_072402.jpg
38.0,CABBAGE,ATOK,L,IMG_20250320_072417.jpg
40.2,CABBAGE,ATOK,L,IMG_20250320_072446.jpg
39.6,CABBAGE,ATOK,L,IMG_20250320_072502.jpg
39.9,CABBAGE,ATOK,L,IMG_20250320_072610.jpg
46.3,CABBAGE,ATOK,L,IMG_20250320_072629.jpg
43.3,CABBAGE,ATOK,L,IMG_20250320_072703.jpg
36.1,CABBAGE,ATOK,L,IMG_20250320_072738.jpg
26.7,CABBAGE,ATOK,L,IMG_20250320_072805.jpg
56.3,CABBAGE,ATOK,L,IMG_20250320_072823.jpg
27.5,CABBAGE,ATOK,L,IMG_20250320_072843.jpg
47.8,CABBAGE,ATOK,L,IMG_20250320_072910.jpg
51.0,CABBAGE,ATOK,L,IMG_20250320_072940.jpg
37.2,CABBAGE,ATOK,L,IMG_20250320_073007.jpg
42.8,CABBAGE,ATOK,L,IMG_20250320_073029.jpg
16.8,CABBAGE,ATOK,L,IMG_20250320_073048.jpg
5.5,CABBAGE,ATOK,L,IMG_20250320_073109.jpg
46.2,CABBAGE,ATOK,L,IMG_20250320_073136.jpg
34.1,CABBAGE,ATOK,L,IMG_20250320_073152.jpg
44.9,CABBAGE,ATOK,L,IMG_20250320_073226.jpg
29.1,CABBAGE,ATOK,L,IMG_20250320_073242.jpg
40.3,CABBAGE,ATOK,L,IMG_20250320_073255.jpg
39.5,CABBAGE,ATOK,L,IMG_20250320_073308.jpg
35.2,CABBAGE,ATOK,L,IMG_20250320_073333.jpg
28.7,CABBAGE,ATOK,L,IMG_20250320_073354.jpg
40.3,CABBAGE,ATOK,L,IMG_20250320_073423.jpg
29.0,CABBAGE,ATOK,L,IMG_20250320_073439.jpg
40.0,CABBAGE,ATOK,L,IMG_20250320_073508.jpg
45.4,CABBAGE,ATOK,L,IMG_20250320_073519.jpg
18.9,CABBAGE,ATOK,L,IMG_20250320_073531.jpg
31.7,CABBAGE,ATOK,L,IMG_20250320_073602.jpg
38.2,CABBAGE,ATOK,L,IMG_20250320_073631.jpg
37.1,CABBAGE,ATOK,L,IMG_20250320_073701.jpg
33.3,CABBAGE,ATOK,L,IMG_20250320_073826.jpg
30.7,CABBAGE,ATOK,L,IMG_20250320_073842.jpg
33.5,CABBAGE,ATOK,L,IMG_20250320_073856.jpg
35.1,CABBAGE,ATOK,L,IMG_20250320_073912.jpg
32.4,CABBAGE,ATOK,L,IMG_20250320_073928.jpg
43.3,CABBAGE,ATOK,L,IMG_20250320_073943.jpg
39.3,CABBAGE,ATOK,L,IMG_20250320_073954.jpg
37.9,CABBAGE,ATOK,L,IMG_20250320_074015.jpg
8.9,CABBAGE,ATOK,L,IMG_20250320_074043.jpg
12.9,CABBAGE,ATOK,L,IMG_20250320_074100.jpg
24.0,CABBAGE,ATOK,L,IMG_20250320_074113.jpg
36.8,CABBAGE,ATOK,L,IMG_20250320_074127.jpg
19.4,CABBAGE,ATOK,L,IMG_20250320_074139.jpg
25.7,CABBAGE,ATOK,L,IMG_20250320_074149.jpg
23.1,CABBAGE,ATOK,L,IMG_20250320_074220.jpg
41.5,CABBAGE,ATOK,L,IMG_20250320_074234.jpg
3.4,CABBAGE,ATOK,L,IMG_20250320_074255.jpg
17.4,CABBAGE,ATOK,L,IMG_20250320_074313.jpg
25.8,CABBAGE,ATOK,L,IMG_20250320_074329.jpg
22.6,CABBAGE,ATOK,L,IMG_20250320_074343.jpg
23.0,CABBAGE,ATOK,L,IMG_20250320_074358.jpg
33.1,CABBAGE,ATOK,L,IMG_20250320_074429.jpg
38.5,CABBAGE,ATOK,L,IMG_20250320_074444.jpg
40.1,CABBAGE,ATOK,L,IMG_20250320_074510.jpg
36.4,CABBAGE,ATOK,L,IMG_20250320_074522.jpg
29.7,CABBAGE,ATOK,L,IMG_20250320_074533.jpg
35.2,CABBAGE,ATOK,L,IMG_20250320_074544.jpg
36.5,CABBAGE,ATOK,L,IMG_20250320_074557.jpg
28.0,CABBAGE,ATOK,L,IMG_20250320_074632.jpg
35.3,CABBAGE,ATOK,L,IMG_20250320_074659.jpg
22.3,CABBAGE,ATOK,L,IMG_20250320_074711.jpg
16.5,CABBAGE,ATOK,L,IMG_20250320_074728.jpg
55.7,CABBAGE,ATOK,L,IMG_20250320_074747.jpg
25.6,CABBAGE,ATOK,L,IMG_20250320_092928.jpg
35.5,CABBAGE,ATOK,L,IMG_20250320_093038.jpg
31.3,CABBAGE,ATOK,L,IMG_20250320_093100.jpg
33.4,CABBAGE,ATOK,L,IMG_20250320_093128.jpg
25.9,CABBAGE,ATOK,L,IMG_20250320_093215.jpg
32.9,CABBAGE,ATOK,L,IMG_20250320_093255.jpg
38.0,CABBAGE,ATOK,L,IMG_20250320_093326.jpg
24.9,CABBAGE,ATOK,L,IMG_20250320_093427.jpg
25.5,CABBAGE,ATOK,L,IMG_20250320_093523.jpg
37.9,CABBAGE,ATOK,L,IMG_20250320_093554.jpg
23.9,CABBAGE,ATOK,L,IMG_20250320_093645.jpg
27.5,CABBAGE,ATOK,L,IMG_20250320_093711.jpg
19.6,CABBAGE,ATOK,L,IMG_20250320_093801.jpg
25.3,CABBAGE,ATOK,L,IMG_20250320_093935.jpg
30.6,CABBAGE,ATOK,L,IMG_20250320_094029.jpg
19.2,CABBAGE,ATOK,L,IMG_20250320_094153.jpg
28.7,CABBAGE,ATOK,L,IMG_20250320_094232.jpg
26.4,CABBAGE,ATOK,L,IMG_20250320_094257.jpg
31.0,CABBAGE,ATOK,L,IMG_20250320_094355.jpg
17.2,CABBAGE,ATOK,L,IMG_20250320_094441.jpg
25.5,CABBAGE,ATOK,L,IMG_20250320_094512.jpg
21.2,CABBAGE,ATOK,L,IMG_20250320_094547.jpg
36.1,CABBAGE,ATOK,L,IMG_20250320_094611.jpg
18.1,CABBAGE,ATOK,L,IMG_20250320_094652.jpg
23.4,CABBAGE,ATOK,L,IMG_20250320_094716.jpg
41.3,CABBAGE,ATOK,L,IMG_20250320_094801.jpg
38.3,CABBAGE,ATOK,L,IMG_20250320_094940.jpg
27.5,CABBAGE,ATOK,L,IMG_20250320_095022.jpg
15.3,CABBAGE,ATOK,L,IMG_20250320_095035.jpg
32.0,CABBAGE,ATOK,L,IMG_20250320_095051.jpg
30.1,CABBAGE,ATOK,L,IMG_20250320_095112.jpg
14.4,CABBAGE,ATOK,L,IMG_20250320_095134.jpg
12.7,CABBAGE,ATOK,L,IMG_20250320_095158.jpg
40.7,CABBAGE,ATOK,L,IMG_20250320_095217.jpg
37.0,CABBAGE,ATOK,L,IMG_20250320_095251.jpg
31.0,CABBAGE,ATOK,L,IMG_20250320_095309.jpg
34.5,CABBAGE,ATOK,L,IMG_20250320_095346.jpg
43.0,CABBAGE,ATOK,L,IMG_20250320_095410.jpg
37.0,CABBAGE,ATOK,L,IMG_20250320_095424.jpg
37.7,CABBAGE,ATOK,L,IMG_20250320_095458.jpg
26.1,CABBAGE,ATOK,L,IMG_20250320_095525.jpg
24.3,CABBAGE,ATOK,L,IMG_20250320_095606.jpg
21.4,CABBAGE,ATOK,L,IMG_20250320_095622.jpg
26.4,CABBAGE,ATOK,L,IMG_20250320_095639.jpg
35.4,CABBAGE,ATOK,L,IMG_20250320_095704.jpg
24.5,CABBAGE,ATOK,L,IMG_20250320_095723.jpg
30.0,CABBAGE,ATOK,L,IMG_20250320_095744.jpg
20.0,CABBAGE,ATOK,L,IMG_20250320_095816.jpg
37.7,CABBAGE,ATOK,L,IMG_20250320_095848.jpg
37.7,CABBAGE,ATOK,L,IMG_20250320_095915.jpg
33.9,CABBAGE,ATOK,L,IMG_20250320_095940.jpg
34.6,CABBAGE,ATOK,L,IMG_20250320_100002.jpg
29.3,CABBAGE,ATOK,L,IMG_20250320_100028.jpg
29.1,CABBAGE,ATOK,L,IMG_20250320_100049.jpg
28.7,CABBAGE,ATOK,L,IMG_20250320_100138.jpg
16.4,CABBAGE,ATOK,L,IMG_20250320_100155.jpg
27.9,CABBAGE,ATOK,L,IMG_20250320_100216.jpg
31.9,CABBAGE,ATOK,L,IMG_20250320_100236.jpg
37.9,CABBAGE,ATOK,L,IMG_20250320_100249.jpg
37.4,CABBAGE,ATOK,L,IMG_20250320_100310.jpg
35.2,CABBAGE,ATOK,L,IMG_20250320_100335.jpg
19.3,CABBAGE,ATOK,L,IMG_20250320_100351.jpg
37.3,CABBAGE,ATOK,L,IMG_20250320_100414.jpg
37.0,CABBAGE,ATOK,L,IMG_20250320_100436.jpg
33.4,CABBAGE,ATOK,L,IMG_20250320_100504.jpg
28.2,CABBAGE,ATOK,L,IMG_20250320_100522.jpg
37.2,CABBAGE,ATOK,L,IMG_20250625_135951.jpg
44.1,CABBAGE,ATOK,L,IMG_20250625_140011.jpg
28.9,CABBAGE,ATOK,L,IMG_20250625_140035.jpg
13.1,CABBAGE,ATOK,L,IMG_20250625_140103.jpg
40.1,CABBAGE,ATOK,L,IMG_20250625_140123.jpg
37.6,CABBAGE,ATOK,L,IMG_20250625_140139.jpg
34.1,CABBAGE,ATOK,L,IMG_20250625_140156.jpg
36.5,CABBAGE,ATOK,L,IMG_20250625_140215.jpg
32.2,CABBAGE,ATOK,L,IMG_20250625_140236.jpg
38.9,CABBAGE,ATOK,L,IMG_20250625_140251.jpg
40.1,CABBAGE,ATOK,L,IMG_20250625_140332.jpg
42.1,CABBAGE,ATOK,L,IMG_20250625_140408.jpg
36.9,CABBAGE,ATOK,L,IMG_20250625_140427.jpg
41.4,CABBAGE,ATOK,L,IMG_20250625_140451.jpg
39.6,CABBAGE,ATOK,L,IMG_20250625_140507.jpg
37.7,CABBAGE,ATOK,L,IMG_20250625_140518.jpg
41.2,CABBAGE,ATOK,L,IMG_20250625_140530.jpg
36.4,CABBAGE,ATOK,L,IMG_20250625_140601.jpg
40.1,CABBAGE,ATOK,L,IMG_20250625_140616.jpg
38.6,CABBAGE,ATOK,L,IMG_20250625_140656.jpg
46.7,CABBAGE,ATOK,L,IMG_20250625_140719.jpg
44.3,CABBAGE,ATOK,L,IMG_20250625_140738.jpg
39.4,CABBAGE,ATOK,L,IMG_20250625_140802.jpg
47.9,CABBAGE,ATOK,L,IMG_20250625_140818.jpg
58.4,CABBAGE,ATOK,L,IMG_20250625_140838.jpg
47.0,CABBAGE,ATOK,L,IMG_20250625_140859.jpg
19.8,CABBAGE,ATOK,L,IMG_20250625_140945.jpg
30.7,CABBAGE,ATOK,L,IMG_20250625_141003.jpg
38.4,CABBAGE,ATOK,L,IMG_20250625_141026.jpg
42.8,CABBAGE,ATOK,L,IMG_20250625_141053.jpg
37.9,CABBAGE,ATOK,L,IMG_20250625_141115.jpg
30.2,CABBAGE,ATOK,L,IMG_20250625_141147.jpg
46.0,CABBAGE,ATOK,L,IMG_20250625_141225.jpg
38.3,CABBAGE,ATOK,L,IMG_20250625_141248.jpg
35.1,CABBAGE,ATOK,L,IMG_20250625_141342.jpg
39.4,CABBAGE,ATOK,L,IMG_20250625_141436.jpg
44.9,CABBAGE,ATOK,L,IMG_20250625_141450.jpg
23.5,CABBAGE,ATOK,L,IMG_20250625_141507.jpg
29.4,CABBAGE,ATOK,L,IMG_20250625_141542.jpg
42.0,CABBAGE,ATOK,L,IMG_20250625_141616.jpg
35.8,CABBAGE,ATOK,L,IMG_20250625_141642.jpg
25.7,CABBAGE,ATOK,L,IMG_20250625_141720.jpg
30.9,CABBAGE,ATOK,L,IMG_20250625_141740.jpg
24.7,CABBAGE,ATOK,L,IMG_20250625_141757.jpg
38.1,CABBAGE,ATOK,L,IMG_20250625_141951.jpg
44.9,CABBAGE,ATOK,L,IMG_20250625_142016.jpg
41.8,CABBAGE,ATOK,L,IMG_20250625_142037.jpg
39.5,CABBAGE,ATOK,L,IMG_20250625_142056.jpg
35.0,CABBAGE,ATOK,L,IMG_20250625_142139.jpg
32.4,CABBAGE,ATOK,L,IMG_20250625_142211.jpg
35.9,CABBAGE,ATOK,L,IMG_20250625_142234.jpg
43.0,CABBAGE,ATOK,L,IMG_20250625_142259.jpg
34.5,CABBAGE,ATOK,L,IMG_20250625_142317.jpg
25.1,CABBAGE,ATOK,L,IMG_20250625_142334.jpg
23.6,CABBAGE,ATOK,L,IMG_20250625_142416.jpg
27.3,CABBAGE,ATOK,L,IMG_20250625_142452.jpg
25.3,CABBAGE,ATOK,L,IMG_20250625_142523.jpg
29.5,CABBAGE,ATOK,L,IMG_20250625_142548.jpg
38.6,CABBAGE,ATOK,L,IMG_20250625_142647.jpg
51.6,CABBAGE,ATOK,L,IMG_20250625_142712.jpg
32.7,CABBAGE,ATOK,L,IMG_20250625_142745.jpg
29.5,CABBAGE,ATOK,L,IMG_20250625_142805.jpg
38.6,CABBAGE,ATOK,L,IMG_20250625_142830.jpg
43.3,CABBAGE,ATOK,L,IMG_20250625_142904.jpg
41.5,CABBAGE,ATOK,L,IMG_20250625_142949.jpg
15.0,CABBAGE,ATOK,L,IMG_20250625_143015.jpg
33.1,CABBAGE,ATOK,L,IMG_20250625_143039.jpg
9.9,CABBAGE,ATOK,L,IMG_20250625_143100.jpg
35.0,CABBAGE,ATOK,L,IMG_20250625_143125.jpg
34.8,CABBAGE,ATOK,L,IMG_20250625_143145.jpg
22.7,CABBAGE,ATOK,L,IMG_20250625_143205.jpg
25.8,CABBAGE,ATOK,L,IMG_20250625_143223.jpg
19.3,CABBAGE,ATOK,L,IMG_20250625_143251.jpg
30.3,CABBAGE,ATOK,L,IMG_20250625_143317.jpg
29.8,CABBAGE,ATOK,L,IMG_20250625_143333.jpg
28.9,CABBAGE,ATOK,L,IMG_20250625_143351.jpg
34.8,CABBAGE,ATOK,L,IMG_20250625_143418.jpg
25.7,CABBAGE,ATOK,L,IMG_20250625_143435.jpg
31.4,CABBAGE,ATOK,L,IMG_20250625_143457.jpg
40.4,CABBAGE,ATOK,L,IMG_20250625_143520.jpg
40.6,CABBAGE,ATOK,L,IMG_20250625_143607.jpg
39.9,CABBAGE,ATOK,L,IMG_20250625_143627.jpg
35.7,CABBAGE,ATOK,L,IMG_20250625_143646.jpg
40.4,CABBAGE,ATOK,L,IMG_20250625_143726.jpg
13.7,CABBAGE,ATOK,L,IMG_20250625_143744.jpg
27.8,CABBAGE,ATOK,L,IMG_20250625_143804.jpg
18.6,CABBAGE,ATOK,L,IMG_20250625_143833.jpg
39.3,CABBAGE,ATOK,L,IMG_20250625_143850.jpg
13.7,CABBAGE,ATOK,L,IMG_20250625_143916.jpg
42.6,CABBAGE,ATOK,L,IMG_20250625_143944.jpg
37.4,CABBAGE,ATOK,L,IMG_20250625_144015.jpg
12.6,CABBAGE,ATOK,L,IMG_20250625_144035.jpg
30.6,CABBAGE,ATOK,L,IMG_20250625_144103.jpg
25.6,CABBAGE,ATOK,L,IMG_20250625_144126.jpg
28.6,CABBAGE,ATOK,L,IMG_20250625_144144.jpg
23.2,CABBAGE,ATOK,L,IMG_20250625_144208.jpg
37.3,CABBAGE,ATOK,L,IMG_20250625_144227.jpg
31.8,CABBAGE,ATOK,L,IMG_20250625_144257.jpg
39.1,CABBAGE,ATOK,L,IMG_20250625_144312.jpg
29.9,CABBAGE,ATOK,L,IMG_20250625_144327.jpg
34.4,CABBAGE,ATOK,L,IMG_20250625_144346.jpg
20.4,CABBAGE,ATOK,L,IMG_20250625_144407.jpg
8.1,CABBAGE,ATOK,L,IMG_20250625_144423.jpg
31.6,CABBAGE,ATOK,L,IMG_20250625_144452.jpg
28.5,CABBAGE,ATOK,L,IMG_20250625_144517.jpg
53.6,CABBAGE,ATOK,L,IMG_20250625_144545.jpg
53.2,CABBAGE,ATOK,L,IMG_20250625_144641.jpg
30.8,CABBAGE,ATOK,L,IMG_20250625_144735.jpg
28.7,CABBAGE,ATOK,L,IMG_20250625_144811.jpg
32.9,CABBAGE,ATOK,L,IMG_20250625_144840.jpg
36.4,CABBAGE,ATOK,L,IMG_20250625_144910.jpg
36.9,CABBAGE,ATOK,L,IMG_20250625_144948.jpg
37.3,CABBAGE,ATOK,L,IMG_20250625_145015.jpg
25.0,CABBAGE,ATOK,L,IMG_20250625_145035.jpg
29.7,CABBAGE,ATOK,L,IMG_20250625_145050.jpg
47.1,CABBAGE,ATOK,L,IMG_20250625_151925.jpg
42.9,CABBAGE,ATOK,L,IMG_20250625_152011.jpg
47.1,CABBAGE,ATOK,L,IMG_20250625_152106.jpg
42.6,CABBAGE,ATOK,L,IMG_20250625_152130.jpg
54.9,CABBAGE,ATOK,L,IMG_20250625_152205.jpg
57.3,CABBAGE,ATOK,L,IMG_20250625_152245.jpg
56.2,CABBAGE,ATOK,L,IMG_20250625_152313.jpg
50.8,CABBAGE,ATOK,L,IMG_20250625_152343.jpg
53.1,CABBAGE,ATOK,L,IMG_20250625_152417.jpg
55.2,CABBAGE,ATOK,L,IMG_20250625_152438.jpg
52.7,CABBAGE,ATOK,L,IMG_20250625_152505.jpg
27.4,CABBAGE,ATOK,L,IMG_20250625_152613.jpg
55.7,CABBAGE,ATOK,L,IMG_20250625_152644.jpg
49.9,CABBAGE,ATOK,L,IMG_20250625_152741.jpg
47.3,CABBAGE,ATOK,L,IMG_20250625_152938.jpg
47.0,CABBAGE,ATOK,L,IMG_20250625_153037.jpg
43.8,CABBAGE,ATOK,L,IMG_20250625_153131.jpg
49.9,CABBAGE,ATOK,L,IMG_20250625_153212.jpg
40.3,CABBAGE,ATOK,L,IMG_20250625_153235.jpg
52.0,CABBAGE,ATOK,L,IMG_20250625_153313.jpg
54.7,CABBAGE,ATOK,L,IMG_20250625_153350.jpg
39.1,CABBAGE,ATOK,L,IMG_20250625_153428.jpg
44.6,CABBAGE,ATOK,L,IMG_20250625_153515.jpg
42.1,CABBAGE,ATOK,L,IMG_20250625_153541.jpg
38.1,CABBAGE,ATOK,L,IMG_20250625_153604.jpg
32.1,POTATO,LA TRINIDAD,L,IMG_20250620_144219.jpg
16.7,POTATO,LA TRINIDAD,L,IMG_20250620_144241.jpg
21.1,POTATO,LA TRINIDAD,L,IMG_20250620_144308.jpg
27.1,POTATO,LA TRINIDAD,L,IMG_20250620_144344.jpg
30.7,POTATO,LA TRINIDAD,L,IMG_20250620_144420.jpg
30.4,POTATO,LA TRINIDAD,L,IMG_20250620_144445.jpg
37.3,POTATO,LA TRINIDAD,L,IMG_20250620_144527.jpg
33.6,POTATO,LA TRINIDAD,L,IMG_20250620_144812.jpg
32.7,POTATO,LA TRINIDAD,L,IMG_20250620_144842.jpg
38.1,POTATO,LA TRINIDAD,L,IMG_20250620_144907.jpg
37.8,POTATO,LA TRINIDAD,L,IMG_20250620_144941.jpg
37.2,POTATO,LA TRINIDAD,L,IMG_20250620_145018.jpg
41.5,POTATO,LA TRINIDAD,L,IMG_20250620_145046.jpg
41.5,POTATO,LA TRINIDAD,L,IMG_20250620_145120.jpg
46.9,POTATO,LA TRINIDAD,L,IMG_20250620_145147.jpg
31.3,POTATO,LA TRINIDAD,L,IMG_20250620_145216.jpg
37.9,POTATO,LA TRINIDAD,L,IMG_20250620_145244.jpg
42.8,POTATO,LA TRINIDAD,L,IMG_20250620_145309.jpg
45.4,POTATO,LA TRINIDAD,L,IMG_20250620_145343.jpg
45.5,POTATO,LA TRINIDAD,L,IMG_20250620_145421.jpg
42.9,POTATO,LA TRINIDAD,L,IMG_20250620_145519.jpg
43.2,POTATO,LA TRINIDAD,L,IMG_20250620_145537.jpg
36.3,POTATO,LA TRINIDAD,L,IMG_20250620_145610.jpg
28.2,POTATO,LA TRINIDAD,L,IMG_20250620_145633.jpg
41.5,POTATO,LA TRINIDAD,L,IMG_20250620_145649.jpg
29.1,POTATO,LA TRINIDAD,L,IMG_20250620_145709.jpg
37.8,POTATO,LA TRINIDAD,L,IMG_20250620_145729.jpg
33.7,POTATO,LA TRINIDAD,L,IMG_20250620_145804.jpg
28.9,POTATO,LA TRINIDAD,L,IMG_20250620_145901.jpg
22.6,POTATO,LA TRINIDAD,L,IMG_20250620_145926.jpg
39.3,POTATO,LA TRINIDAD,L,IMG_20250620_145941.jpg
38.3,POTATO,LA TRINIDAD,L,IMG_20250620_145957.jpg
28.5,POTATO,LA TRINIDAD,L,IMG_20250620_150017.jpg
28.8,POTATO,LA TRINIDAD,L,IMG_20250620_150035.jpg
40.7,POTATO,LA TRINIDAD,L,IMG_20250620_150055.jpg
37.0,POTATO,LA TRINIDAD,L,IMG_20250620_150110.jpg
38.3,POTATO,LA TRINIDAD,L,IMG_20250620_150130.jpg
37.5,POTATO,LA TRINIDAD,L,IMG_20250620_150159.jpg
33.4,POTATO,LA TRINIDAD,L,IMG_20250620_150231.jpg
38.6,POTATO,LA TRINIDAD,L,IMG_20250620_150243.jpg
24.4,POTATO,LA TRINIDAD,L,IMG_20250620_150312.jpg
41.7,POTATO,LA TRINIDAD,L,IMG_20250620_150343.jpg
39.7,POTATO,LA TRINIDAD,L,IMG_20250620_150358.jpg
44.1,POTATO,LA TRINIDAD,L,IMG_20250620_150415.jpg
44.2,POTATO,LA TRINIDAD,L,IMG_20250620_150438.jpg
44.7,POTATO,LA TRINIDAD,L,IMG_20250620_150451.jpg
23.9,POTATO,LA TRINIDAD,L,IMG_20250620_150508.jpg
41.7,POTATO,LA TRINIDAD,L,IMG_20250620_150522.jpg
35.6,POTATO,LA TRINIDAD,L,IMG_20250620_150535.jpg
39.8,POTATO,LA TRINIDAD,L,IMG_20250620_150603.jpg
41.5,POTATO,LA TRINIDAD,L,IMG_20250620_150625.jpg
26.3,POTATO,LA TRINIDAD,L,IMG_20250620_150639.jpg
31.3,POTATO,LA TRINIDAD,L,IMG_20250620_150651.jpg
32.2,POTATO,LA TRINIDAD,L,IMG_20250620_150711.jpg
45.9,POTATO,LA TRINIDAD,L,IMG_20250620_150732.jpg
41.0,POTATO,LA TRINIDAD,L,IMG_20250620_150749.jpg
41.2,POTATO,LA TRINIDAD,L,IMG_20250620_150807.jpg
43.2,POTATO,LA TRINIDAD,L,IMG_20250620_150820.jpg
41.0,POTATO,LA TRINIDAD,L,IMG_20250620_150835.jpg
41.0,POTATO,LA TRINIDAD,L,IMG_20250620_150856.jpg
41.4,POTATO,LA TRINIDAD,L,IMG_20250620_150909.jpg
43.1,POTATO,LA TRINIDAD,L,IMG_20250620_150924.jpg
27.4,POTATO,LA TRINIDAD,L,IMG_20250620_150937.jpg
38.7,POTATO,LA TRINIDAD,L,IMG_20250620_150957.jpg
38.2,POTATO,LA TRINIDAD,L,IMG_20250620_151019.jpg
37.7,POTATO,LA TRINIDAD,L,IMG_20250620_151046.jpg
40.0,POTATO,LA TRINIDAD,L,IMG_20250620_151059.jpg
42.2,POTATO,LA TRINIDAD,L,IMG_20250620_151119.jpg
37.7,POTATO,LA TRINIDAD,L,IMG_20250620_151128.jpg
43.1,POTATO,LA TRINIDAD,L,IMG_20250620_151907.jpg
35.5,POTATO,LA TRINIDAD,L,IMG_20250620_151918.jpg
41.1,POTATO,LA TRINIDAD,L,IMG_20250620_151936.jpg
40.0,POTATO,LA TRINIDAD,L,IMG_20250620_151952.jpg
39.6,POTATO,LA TRINIDAD,L,IMG_20250620_152014.jpg
43.4,POTATO,LA TRINIDAD,L,IMG_20250620_152033.jpg
29.7,POTATO,LA TRINIDAD,L,IMG_20250620_152131.jpg
31.4,POTATO,LA TRINIDAD,L,IMG_20250620_152203.jpg
39.2,POTATO,LA TRINIDAD,L,IMG_20250620_152217.jpg
31.2,POTATO,LA TRINIDAD,L,IMG_20250620_152232.jpg
32.6,POTATO,LA TRINIDAD,L,IMG_20250620_152308.jpg
39.0,POTATO,LA TRINIDAD,L,IMG_20250620_152336.jpg
41.0,POTATO,LA TRINIDAD,L,IMG_20250620_152351.jpg
27.5,POTATO,LA TRINIDAD,L,IMG_20250620_152418.jpg
36.5,POTATO,LA TRINIDAD,L,IMG_20250620_152435.jpg
33.7,POTATO,LA TRINIDAD,L,IMG_20250620_152458.jpg
40.9,POTATO,LA TRINIDAD,L,IMG_20250620_152527.jpg
37.4,POTATO,LA TRINIDAD,L,IMG_20250620_152547.jpg
40.8,POTATO,LA TRINIDAD,L,IMG_20250620_152606.jpg
38.2,POTATO,LA TRINIDAD,L,IMG_20250620_152637.jpg
30.4,POTATO,LA TRINIDAD,L,IMG_20250620_152718.jpg
23.4,POTATO,LA TRINIDAD,L,IMG_20250620_152751.jpg
32.2,POTATO,LA TRINIDAD,L,IMG_20250620_152909.jpg
32.5,POTATO,LA TRINIDAD,L,IMG_20250620_152925.jpg
35.5,POTATO,LA TRINIDAD,L,IMG_20250620_152950.jpg
7.7,POTATO,LA TRINIDAD,L,IMG_20250620_153021.jpg
26.1,POTATO,LA TRINIDAD,L,IMG_20250620_153046.jpg
30.0,POTATO,LA TRINIDAD,L,IMG_20250620_153104.jpg
32.2,POTATO,LA TRINIDAD,L,IMG_20250620_153117.jpg
21.0,POTATO,LA TRINIDAD,L,IMG_20250620_153140.jpg
27.7,POTATO,LA TRINIDAD,L,IMG_20250620_153156.jpg
20.2,POTATO,LA TRINIDAD,L,IMG_20250620_153227.jpg
27.8,POTATO,LA TRINIDAD,L,IMG_20250620_155431.jpg
31.4,POTATO,LA TRINIDAD,L,IMG_20250620_155508.jpg
30.9,POTATO,LA TRINIDAD,L,IMG_20250620_155533.jpg
30.0,POTATO,LA TRINIDAD,L,IMG_20250620_155551.jpg
35.5,POTATO,LA TRINIDAD,L,IMG_20250620_155618.jpg
34.6,POTATO,LA TRINIDAD,L,IMG_20250620_155637.jpg
30.8,POTATO,LA TRINIDAD,L,IMG_20250620_155649.jpg
38.3,POTATO,LA TRINIDAD,L,IMG_20250620_155719.jpg
35.0,POTATO,LA TRINIDAD,L,IMG_20250620_155736.jpg
37.3,POTATO,LA TRINIDAD,L,IMG_20250620_155755.jpg
38.0,POTATO,LA TRINIDAD,L,IMG_20250620_155810.jpg
24.3,POTATO,LA TRINIDAD,L,IMG_20250620_155850.jpg
26.3,POTATO,LA TRINIDAD,L,IMG_20250620_155903.jpg
35.3,POTATO,LA TRINIDAD,L,IMG_20250620_155927.jpg
34.1,POTATO,LA TRINIDAD,L,IMG_20250620_155945.jpg
32.3,POTATO,LA TRINIDAD,L,IMG_20250620_160010.jpg
37.9,POTATO,LA TRINIDAD,L,IMG_20250620_160030.jpg
32.1,POTATO,LA TRINIDAD,L,IMG_20250620_160102.jpg
26.7,POTATO,LA TRINIDAD,L,IMG_20250620_160132.jpg
35.4,POTATO,LA TRINIDAD,L,IMG_20250620_160150.jpg
27.6,POTATO,LA TRINIDAD,L,IMG_20250620_160215.jpg
36.4,POTATO,LA TRINIDAD,L,IMG_20250620_160259.jpg
35.6,POTATO,LA TRINIDAD,L,IMG_20250620_160316.jpg
24.2,POTATO,LA TRINIDAD,L,IMG_20250620_160344.jpg
13.4,POTATO,LA TRINIDAD,L,IMG_20250620_160359.jpg
20.4,POTATO,LA TRINIDAD,L,IMG_20250620_160411.jpg
22.0,POTATO,LA TRINIDAD,L,IMG_20250620_160426.jpg
34.6,POTATO,LA TRINIDAD,L,IMG_20250620_160438.jpg
26.9,POTATO,LA TRINIDAD,L,IMG_20250620_160448.jpg
22.5,POTATO,LA TRINIDAD,L,IMG_20250620_160508.jpg
42.6,POTATO,LA TRINIDAD,L,IMG_20250620_160553.jpg
38.4,POTATO,LA TRINIDAD,L,IMG_20250620_160652.jpg
27.6,POTATO,LA TRINIDAD,L,IMG_20250620_161616.jpg
24.5,POTATO,LA TRINIDAD,L,IMG_20250620_161635.jpg
20.5,POTATO,LA TRINIDAD,L,IMG_20250620_161701.jpg
18.5,POTATO,LA TRINIDAD,L,IMG_20250620_161714.jpg
23.4,POTATO,LA TRINIDAD,L,IMG_20250620_161732.jpg
8.5,POTATO,LA TRINIDAD,L,IMG_20250620_161742.jpg
27.6,POTATO,LA TRINIDAD,L,IMG_20250620_161806.jpg
18.3,POTATO,LA TRINIDAD,L,IMG_20250620_161821.jpg
24.6,POTATO,LA TRINIDAD,L,IMG_20250620_161847.jpg
28.3,POTATO,LA TRINIDAD,L,IMG_20250620_161934.jpg
30.9,POTATO,LA TRINIDAD,L,IMG_20250620_162000.jpg
40.1,POTATO,LA TRINIDAD,L,IMG_20250620_162010.jpg
25.9,POTATO,LA TRINIDAD,L,IMG_20250620_162022.jpg
33.7,POTATO,LA TRINIDAD,L,IMG_20250620_162041.jpg
33.4,POTATO,LA TRINIDAD,L,IMG_20250620_162050.jpg
38.3,POTATO,LA TRINIDAD,L,IMG_20250620_162100.jpg
21.7,POTATO,LA TRINIDAD,L,IMG_20250620_162116.jpg
30.5,POTATO,LA TRINIDAD,L,IMG_20250620_162130.jpg
30.6,POTATO,LA TRINIDAD,L,IMG_20250620_162156.jpg
40.4,POTATO,LA TRINIDAD,L,IMG_20250620_162219.jpg
30.4,POTATO,LA TRINIDAD,L,IMG_20250620_162238.jpg
41.2,POTATO,LA TRINIDAD,L,IMG_20250620_162256.jpg
31.3,POTATO,LA TRINIDAD,L,IMG_20250620_162311.jpg
20.5,POTATO,LA TRINIDAD,L,IMG_20250620_162327.jpg
20.0,POTATO,LA TRINIDAD,L,IMG_20250620_162343.jpg
30.1,POTATO,LA TRINIDAD,L,IMG_20250620_162356.jpg
30.1,POTATO,LA TRINIDAD,L,IMG_20250620_162414.jpg
44.0,POTATO,LA TRINIDAD,L,IMG_20250315_083553.jpg
45.9,POTATO,LA TRINIDAD,L,IMG_20250315_083800.jpg
44.8,POTATO,LA TRINIDAD,L,IMG_20250315_083834.jpg
44.7,POTATO,LA TRINIDAD,L,IMG_20250315_083903.jpg
43.9,POTATO,LA TRINIDAD,L,IMG_20250315_084016.jpg
36.9,POTATO,LA TRINIDAD,L,IMG_20250315_084041.jpg
39.8,POTATO,LA TRINIDAD,L,IMG_20250315_084131.jpg
43.5,POTATO,LA TRINIDAD,L,IMG_20250315_084217.jpg
40.3,POTATO,LA TRINIDAD,L,IMG_20250315_084243.jpg
40.6,POTATO,LA TRINIDAD,L,IMG_20250315_084320.jpg
40.4,POTATO,LA TRINIDAD,L,IMG_20250315_084351.jpg
35.3,POTATO,LA TRINIDAD,L,IMG_20250315_084410.jpg
42.2,POTATO,LA TRINIDAD,L,IMG_20250315_084452.jpg
40.2,POTATO,LA TRINIDAD,L,IMG_20250315_084540.jpg
17.7,POTATO,LA TRINIDAD,L,IMG_20250315_084601.jpg
39.2,POTATO,LA TRINIDAD,L,IMG_20250315_084617.jpg
41.2,POTATO,LA TRINIDAD,L,IMG_20250315_084652.jpg
28.1,POTATO,LA TRINIDAD,L,IMG_20250315_084716.jpg
36.0,POTATO,LA TRINIDAD,L,IMG_20250315_084750.jpg
38.6,POTATO,LA TRINIDAD,L,IMG_20250315_084805.jpg
30.5,POTATO,LA TRINIDAD,L,IMG_20250315_084921.jpg
42.8,POTATO,LA TRINIDAD,L,IMG_20250315_085144.jpg
41.6,POTATO,LA TRINIDAD,L,IMG_20250315_085219.jpg
40.6,POTATO,LA TRINIDAD,L,IMG_20250315_085259.jpg
34.6,POTATO,LA TRINIDAD,L,IMG_20250315_085321.jpg
41.4,POTATO,LA TRINIDAD,L,IMG_20250315_085425.jpg
28.1,POTATO,LA TRINIDAD,L,IMG_20250315_085509.jpg
36.9,POTATO,LA TRINIDAD,L,IMG_20250315_085542.jpg
41.9,POTATO,LA TRINIDAD,L,IMG_20250315_085559.jpg
29.3,POTATO,LA TRINIDAD,L,IMG_20250315_085631.jpg
20.6,POTATO,LA TRINIDAD,L,IMG_20250315_090129.jpg
37.6,POTATO,LA TRINIDAD,L,IMG_20250315_090218.jpg
27.7,POTATO,LA TRINIDAD,L,IMG_20250315_090253.jpg
39.5,POTATO,LA TRINIDAD,L,IMG_20250315_090330.jpg
43.2,POTATO,LA TRINIDAD,L,IMG_20250315_090354.jpg
53.0,POTATO,LA TRINIDAD,L,IMG_20250315_090426.jpg
47.4,POTATO,LA TRINIDAD,L,IMG_20250315_090440.jpg
34.7,POTATO,LA TRINIDAD,L,IMG_20250315_090540.jpg
42.9,POTATO,LA TRINIDAD,L,IMG_20250315_090610.jpg
30.4,POTATO,LA TRINIDAD,L,IMG_20250315_090645.jpg
34.1,POTATO,LA TRINIDAD,L,IMG_20250315_090717.jpg
32.0,POTATO,LA TRINIDAD,L,IMG_20250315_090921.jpg
41.7,POTATO,LA TRINIDAD,L,IMG_20250315_090947.jpg
30.6,POTATO,LA TRINIDAD,L,IMG_20250315_091000.jpg
39.4,POTATO,LA TRINIDAD,L,IMG_20250315_091039.jpg
35.9,POTATO,LA TRINIDAD,L,IMG_20250315_091138.jpg
34.5,POTATO,LA TRINIDAD,L,IMG_20250315_091158.jpg
27.7,POTATO,LA TRINIDAD,L,IMG_20250315_091239.jpg
34.0,POTATO,LA TRINIDAD,L,IMG_20250315_091257.jpg
31.9,POTATO,LA TRINIDAD,L,IMG_20250315_091324.jpg
42.5,POTATO,LA TRINIDAD,L,IMG_20250315_091342.jpg
42.2,POTATO,LA TRINIDAD,L,IMG_20250315_091358.jpg
38.5,POTATO,LA TRINIDAD,L,IMG_20250315_091416.jpg
23.6,POTATO,LA TRINIDAD,L,IMG_20250315_091559.jpg
26.1,POTATO,LA TRINIDAD,L,IMG_20250315_091629.jpg
29.0,POTATO,LA TRINIDAD,L,IMG_20250315_091710.jpg
34.2,POTATO,LA TRINIDAD,L,IMG_20250315_091730.jpg
36.6,POTATO,LA TRINIDAD,L,IMG_20250315_091743.jpg
23.1,POTATO,LA TRINIDAD,L,IMG_20250315_091812.jpg
36.0,POTATO,LA TRINIDAD,L,IMG_20250315_091917.jpg
28.8,POTATO,LA TRINIDAD,L,IMG_20250315_091934.jpg
31.2,POTATO,LA TRINIDAD,L,IMG_20250315_091947.jpg
20.4,POTATO,LA TRINIDAD,L,IMG_20250315_092017.jpg
32.2,POTATO,LA TRINIDAD,L,IMG_20250315_092048.jpg
48.6,POTATO,LA TRINIDAD,L,IMG_20250315_092223.jpg
39.7,POTATO,LA TRINIDAD,L,IMG_20250315_092230.jpg
40.9,POTATO,LA TRINIDAD,L,IMG_20250315_092245.jpg
19.6,POTATO,LA TRINIDAD,L,IMG_20250315_092257.jpg
35.1,POTATO,LA TRINIDAD,L,IMG_20250315_092330.jpg
25.0,POTATO,LA TRINIDAD,L,IMG_20250315_092343.jpg
24.8,POTATO,LA TRINIDAD,L,IMG_20250315_092417.jpg
31.3,POTATO,LA TRINIDAD,L,IMG_20250315_092459.jpg
25.5,POTATO,LA TRINIDAD,L,IMG_20250315_092514.jpg
32.2,POTATO,LA TRINIDAD,L,IMG_20250315_092531.jpg
21.7,POTATO,LA TRINIDAD,L,IMG_20250315_092645.jpg
26.1,POTATO,LA TRINIDAD,L,IMG_20250315_093422.jpg
31.9,POTATO,LA TRINIDAD,L,IMG_20250315_093449.jpg
38.4,POTATO,LA TRINIDAD,L,IMG_20250315_093557.jpg
34.0,POTATO,LA TRINIDAD,L,IMG_20250315_093640.jpg
31.9,POTATO,LA TRINIDAD,L,IMG_20250315_093709.jpg
39.8,POTATO,LA TRINIDAD,L,IMG_20250315_093728.jpg
33.8,POTATO,LA TRINIDAD,L,IMG_20250315_093750.jpg
36.6,POTATO,LA TRINIDAD,L,IMG_20250315_093809.jpg
34.3,POTATO,LA TRINIDAD,L,IMG_20250315_093822.jpg
27.7,POTATO,LA TRINIDAD,L,IMG_20250315_093834.jpg
27.4,POTATO,LA TRINIDAD,L,IMG_20250315_093842.jpg
27.0,POTATO,LA TRINIDAD,L,IMG_20250315_093855.jpg
26.4,POTATO,LA TRINIDAD,L,IMG_20250315_093905.jpg
28.6,POTATO,LA TRINIDAD,L,IMG_20250315_094036.jpg
30.1,POTATO,LA TRINIDAD,L,IMG_20250315_094056.jpg
21.2,POTATO,LA TRINIDAD,L,IMG_20250315_094111.jpg
19.2,POTATO,LA TRINIDAD,L,IMG_20250315_094133.jpg
41.0,POTATO,LA TRINIDAD,L,IMG_20250315_094150.jpg
32.6,POTATO,LA TRINIDAD,L,IMG_20250315_094227.jpg
31.9,POTATO,LA TRINIDAD,L,IMG_20250315_094249.jpg
24.6,POTATO,LA TRINIDAD,L,IMG_20250315_094309.jpg
8.3,POTATO,LA TRINIDAD,L,IMG_20250315_094322.jpg
22.7,POTATO,LA TRINIDAD,L,IMG_20250315_094400.jpg
41.5,POTATO,LA TRINIDAD,L,IMG_20250315_094419.jpg
32.7,POTATO,LA TRINIDAD,L,IMG_20250315_094456.jpg
20.8,POTATO,LA TRINIDAD,L,IMG_20250315_095810.jpg
27.4,POTATO,LA TRINIDAD,L,IMG_20250315_095826.jpg
35.1,POTATO,LA TRINIDAD,L,IMG_20250315_095845.jpg
32.3,POTATO,LA TRINIDAD,L,IMG_20250315_095857.jpg
27.5,POTATO,LA TRINIDAD,L,IMG_20250315_095910.jpg
35.4,POTATO,LA TRINIDAD,L,IMG_20250315_095923.jpg
28.1,POTATO,LA TRINIDAD,L,IMG_20250315_095938.jpg
39.3,POTATO,LA TRINIDAD,L,IMG_20250315_100047.jpg
29.1,POTATO,LA TRINIDAD,L,IMG_20250315_100100.jpg
27.5,POTATO,LA TRINIDAD,L,IMG_20250315_100115.jpg
40.0,POTATO,LA TRINIDAD,L,IMG_20250315_100300.jpg
30.5,POTATO,LA TRINIDAD,L,IMG_20250315_100315.jpg
36.8,POTATO,LA TRINIDAD,L,IMG_20250315_100356.jpg
33.7,POTATO,LA TRINIDAD,L,IMG_20250315_100430.jpg
33.9,POTATO,LA TRINIDAD,L,IMG_20250315_100446.jpg
29.3,POTATO,LA TRINIDAD,L,IMG_20250315_100457.jpg
32.5,POTATO,LA TRINIDAD,L,IMG_20250315_100531.jpg
32.0,POTATO,LA TRINIDAD,L,IMG_20250315_100601.jpg
26.6,POTATO,LA TRINIDAD,L,IMG_20250315_100613.jpg
39.0,POTATO,LA TRINIDAD,L,IMG_20250315_100724.jpg
28.0,POTATO,LA TRINIDAD,L,IMG_20250315_100956.jpg
36.8,POTATO,LA TRINIDAD,L,IMG_20250315_101015.jpg
39.2,POTATO,LA TRINIDAD,L,IMG_20250315_101026.jpg
39.7,POTATO,LA TRINIDAD,L,IMG_20250315_101038.jpg
40.0,POTATO,LA TRINIDAD,L,IMG_20250315_101049.jpg
41.4,POTATO,LA TRINIDAD,L,IMG_20250315_101108.jpg
38.8,POTATO,LA TRINIDAD,L,IMG_20250315_101115.jpg
35.7,POTATO,LA TRINIDAD,L,IMG_20250315_101140.jpg
23.2,POTATO,LA TRINIDAD,L,IMG_20250315_101157.jpg
35.2,POTATO,LA TRINIDAD,L,IMG_20250315_101213.jpg
24.7,POTATO,LA TRINIDAD,L,IMG_20250315_101226.jpg
33.6,POTATO,LA TRINIDAD,L,IMG_20250315_101247.jpg
37.6,POTATO,LA TRINIDAD,L,IMG_20250315_101315.jpg
34.2,POTATO,LA TRINIDAD,L,IMG_20250315_101458.jpg
29.0,POTATO,LA TRINIDAD,L,IMG_20250315_101511.jpg
36.0,POTATO,LA TRINIDAD,L,IMG_20250315_101536.jpg
29.4,POTATO,LA TRINIDAD,L,IMG_20250315_101555.jpg
42.5,POTATO,LA TRINIDAD,L,IMG_20250315_101611.jpg
34.0,POTATO,LA TRINIDAD,L,IMG_20250315_101633.jpg
38.9,POTATO,LA TRINIDAD,L,IMG_20250315_101651.jpg
35.5,POTATO,LA TRINIDAD,L,IMG_20250315_101730.jpg
34.4,POTATO,LA TRINIDAD,L,IMG_20250315_101744.jpg
27.4,POTATO,LA TRINIDAD,L,IMG_20250315_101801.jpg
22.3,POTATO,LA TRINIDAD,L,IMG_20250315_101835.jpg
26.9,POTATO,LA TRINIDAD,L,IMG_20250315_101902.jpg
35.6,POTATO,LA TRINIDAD,L,IMG_20250315_101934.jpg
36.0,POTATO,LA TRINIDAD,L,IMG_20250315_102002.jpg
35.8,POTATO,LA TRINIDAD,L,IMG_20250315_102039.jpg
38.9,POTATO,LA TRINIDAD,L,IMG_20250315_102052.jpg
52.3,CABBAGE,LA TRINIDAD,F,IMG_20250619_142331.jpg
78.4,CABBAGE,LA TRINIDAD,F,IMG_20250619_142632.jpg
83.0,CABBAGE,LA TRINIDAD,F,IMG_20250619_142739.jpg
72.3,CABBAGE,LA TRINIDAD,F,IMG_20250619_142935.jpg
74.5,CABBAGE,LA TRINIDAD,F,IMG_20250619_143137.jpg
51.5,CABBAGE,LA TRINIDAD,F,IMG_20250619_143239.jpg
73.4,CABBAGE,LA TRINIDAD,F,IMG_20250619_143348.jpg
68.9,CABBAGE,LA TRINIDAD,F,IMG_20250619_143437.jpg
57.6,CABBAGE,LA TRINIDAD,F,IMG_20250619_143518.jpg
75.7,CABBAGE,LA TRINIDAD,F,IMG_20250619_143556.jpg
67.2,CABBAGE,LA TRINIDAD,F,IMG_20250619_143626.jpg
65.0,CABBAGE,LA TRINIDAD,F,IMG_20250619_143923.jpg
65.3,CABBAGE,LA TRINIDAD,F,IMG_20250619_144025.jpg
63.3,CABBAGE,LA TRINIDAD,F,IMG_20250619_144114.jpg
61.1,CABBAGE,LA TRINIDAD,F,IMG_20250619_144225.jpg
36.7,CABBAGE,LA TRINIDAD,F,IMG_20250619_144323.jpg
71.6,CABBAGE,LA TRINIDAD,F,IMG_20250619_144417.jpg
63.5,CABBAGE,LA TRINIDAD,F,IMG_20250619_144504.jpg
58.1,CABBAGE,LA TRINIDAD,F,IMG_20250619_144605.jpg
78.7,CABBAGE,LA TRINIDAD,F,IMG_20250619_144643.jpg
59.0,CABBAGE,LA TRINIDAD,F,IMG_20250619_144741.jpg
67.4,CABBAGE,LA TRINIDAD,F,IMG_20250619_144840.jpg
63.6,CABBAGE,LA TRINIDAD,F,IMG_20250619_145205.jpg
68.2,CABBAGE,LA TRINIDAD,F,IMG_20250619_145317.jpg
53.6,CABBAGE,LA TRINIDAD,F,IMG_20250619_145457.jpg
76.6,CABBAGE,LA TRINIDAD,F,IMG_20250619_145536.jpg
63.6,CABBAGE,LA TRINIDAD,F,IMG_20250619_145632.jpg
44.8,CABBAGE,LA TRINIDAD,F,IMG_20250619_145707.jpg
61.4,CABBAGE,LA TRINIDAD,F,IMG_20250619_145746.jpg
46.3,CABBAGE,LA TRINIDAD,F,IMG_20250619_145907.jpg
69.6,CABBAGE,LA TRINIDAD,F,IMG_20250619_145955.jpg
63.5,CABBAGE,LA TRINIDAD,F,IMG_20250619_150029.jpg
43.4,CABBAGE,LA TRINIDAD,F,IMG_20250619_150201.jpg
62.3,CABBAGE,LA TRINIDAD,F,IMG_20250619_150216.jpg
65.6,CABBAGE,LA TRINIDAD,F,IMG_20250619_150336.jpg
61.1,CABBAGE,LA TRINIDAD,F,IMG_20250619_150421.jpg
66.3,CABBAGE,LA TRINIDAD,F,IMG_20250619_150509.jpg
54.7,CABBAGE,LA TRINIDAD,F,IMG_20250619_150612.jpg
60.6,CABBAGE,LA TRINIDAD,F,IMG_20250619_150714.jpg
37.3,CABBAGE,LA TRINIDAD,F,IMG_20250619_150804.jpg
71.6,CABBAGE,LA TRINIDAD,F,IMG_20250619_150845.jpg
69.5,CABBAGE,LA TRINIDAD,F,IMG_20250619_150923.jpg
69.7,CABBAGE,LA TRINIDAD,F,IMG_20250619_150952.jpg
66.6,CABBAGE,LA TRINIDAD,F,IMG_20250619_151020.jpg
77.1,CABBAGE,LA TRINIDAD,F,IMG_20250619_151046.jpg
65.8,CABBAGE,LA TRINIDAD,F,IMG_20250619_151120.jpg
37.0,CABBAGE,LA TRINIDAD,F,IMG_20250619_151227.jpg
56.6,CABBAGE,LA TRINIDAD,F,IMG_20250619_151333.jpg
53.4,CABBAGE,LA TRINIDAD,F,IMG_20250619_151412.jpg
58.0,CABBAGE,LA TRINIDAD,F,IMG_20250619_151453.jpg
79.7,CABBAGE,LA TRINIDAD,F,IMG_20250619_151536.jpg
71.4,CABBAGE,LA TRINIDAD,F,IMG_20250619_151628.jpg
74.4,CABBAGE,LA TRINIDAD,F,IMG_20250619_151721.jpg
67.1,CABBAGE,LA TRINIDAD,F,IMG_20250619_151742.jpg
62.2,CABBAGE,LA TRINIDAD,F,IMG_20250619_151813.jpg
75.3,CABBAGE,LA TRINIDAD,F,IMG_20250619_151904.jpg
80.5,CABBAGE,LA TRINIDAD,F,IMG_20250619_151949.jpg
81.8,CABBAGE,LA TRINIDAD,F,IMG_20250619_152050.jpg
79.1,CABBAGE,LA TRINIDAD,F,IMG_20250619_152113.jpg
76.9,CABBAGE,LA TRINIDAD,F,IMG_20250619_152147.jpg
63.2,CABBAGE,LA TRINIDAD,F,IMG_20250619_152226.jpg
64.1,CABBAGE,LA TRINIDAD,F,IMG_20250619_152347.jpg
77.5,CABBAGE,LA TRINIDAD,F,IMG_20250619_152500.jpg
64.5,CABBAGE,LA TRINIDAD,F,IMG_20250619_152529.jpg
69.1,CABBAGE,LA TRINIDAD,F,IMG_20250619_152611.jpg
57.2,CABBAGE,LA TRINIDAD,F,IMG_20250619_152637.jpg
88.0,CABBAGE,LA TRINIDAD,F,IMG_20250619_152725.jpg
81.7,CABBAGE,LA TRINIDAD,F,IMG_20250619_152830.jpg
60.7,CABBAGE,LA TRINIDAD,F,IMG_20250619_152900.jpg
69.2,CABBAGE,LA TRINIDAD,F,IMG_20250619_152941.jpg
85.9,CABBAGE,LA TRINIDAD,F,IMG_20250619_153027.jpg
71.2,CABBAGE,LA TRINIDAD,F,IMG_20250619_154328.jpg
80.8,CABBAGE,LA TRINIDAD,F,IMG_20250619_154403.jpg
81.3,CABBAGE,LA TRINIDAD,F,IMG_20250619_154517.jpg
77.3,CABBAGE,LA TRINIDAD,F,IMG_20250619_154604.jpg
53.1,CABBAGE,LA TRINIDAD,F,IMG_20250619_154647.jpg
82.1,CABBAGE,LA TRINIDAD,F,IMG_20250619_154719.jpg
61.4,CABBAGE,LA TRINIDAD,F,IMG_20250619_154749.jpg
73.0,CABBAGE,LA TRINIDAD,F,IMG_20250619_154831.jpg
61.3,CABBAGE,LA TRINIDAD,F,IMG_20250619_154853.jpg
71.1,CABBAGE,LA TRINIDAD,F,IMG_20250619_154911.jpg
67.2,CABBAGE,LA TRINIDAD,F,IMG_20250619_154947.jpg
38.8,CABBAGE,LA TRINIDAD,F,IMG_20250619_155017.jpg
60.9,CABBAGE,LA TRINIDAD,F,IMG_20250619_155041.jpg
71.3,CABBAGE,LA TRINIDAD,F,IMG_20250619_155059.jpg
68.9,CABBAGE,LA TRINIDAD,F,IMG_20250619_155116.jpg
66.3,CABBAGE,LA TRINIDAD,F,IMG_20250619_155149.jpg
69.5,CABBAGE,LA TRINIDAD,F,IMG_20250619_155218.jpg
60.7,CABBAGE,LA TRINIDAD,F,IMG_20250619_155301.jpg
72.1,CABBAGE,LA TRINIDAD,F,IMG_20250619_155333.jpg
45.1,CABBAGE,LA TRINIDAD,F,IMG_20250619_155349.jpg
42.7,CABBAGE,LA TRINIDAD,F,IMG_20250619_155420.jpg
41.6,CABBAGE,LA TRINIDAD,F,IMG_20250619_155442.jpg
47.8,CABBAGE,LA TRINIDAD,F,IMG_20250619_155513.jpg
58.9,CABBAGE,LA TRINIDAD,F,IMG_20250619_155535.jpg
55.5,CABBAGE,LA TRINIDAD,F,IMG_20250619_155559.jpg
44.1,CABBAGE,LA TRINIDAD,F,IMG_20250619_155625.jpg
65.3,CABBAGE,LA TRINIDAD,F,IMG_20250619_155650.jpg
54.1,CABBAGE,LA TRINIDAD,F,IMG_20250619_155812.jpg
50.1,CABBAGE,LA TRINIDAD,F,IMG_20250619_155847.jpg
65.7,CABBAGE,LA TRINIDAD,F,IMG_20250619_155919.jpg
97.2,CABBAGE,LA TRINIDAD,F,IMG_20250619_155938.jpg
62.0,CABBAGE,LA TRINIDAD,F,IMG_20250619_155943.jpg
59.3,CABBAGE,LA TRINIDAD,F,IMG_20250619_160014.jpg
59.3,CABBAGE,LA TRINIDAD,F,IMG_20250619_160030.jpg
75.8,CABBAGE,LA TRINIDAD,F,IMG_20250619_160052.jpg
40.4,CABBAGE,LA TRINIDAD,F,IMG_20250619_160133.jpg
15.6,CABBAGE,LA TRINIDAD,F,IMG_20250619_160157.jpg
53.4,CABBAGE,LA TRINIDAD,F,IMG_20250619_160247.jpg
50.8,CABBAGE,LA TRINIDAD,F,IMG_20250619_160307.jpg
59.3,CABBAGE,LA TRINIDAD,F,IMG_20250619_160350.jpg
43.4,CABBAGE,LA TRINIDAD,F,IMG_20250619_160421.jpg
36.1,CABBAGE,LA TRINIDAD,F,IMG_20250619_160504.jpg
63.1,CABBAGE,LA TRINIDAD,F,IMG_20250619_160533.jpg
60.3,CABBAGE,LA TRINIDAD,F,IMG_20250619_160555.jpg
68.9,CABBAGE,LA TRINIDAD,F,IMG_20250619_160620.jpg
70.0,CABBAGE,LA TRINIDAD,F,IMG_20250619_160649.jpg
52.6,CABBAGE,LA TRINIDAD,F,IMG_20250619_160726.jpg
66.9,CABBAGE,LA TRINIDAD,F,IMG_20250619_160807.jpg
85.3,CABBAGE,LA TRINIDAD,F,IMG_20250619_160834.jpg
77.8,CABBAGE,LA TRINIDAD,F,IMG_20250619_160908.jpg
52.6,CABBAGE,LA TRINIDAD,F,IMG_20250619_160931.jpg
79.2,CABBAGE,LA TRINIDAD,F,IMG_20250619_160951.jpg
54.7,CABBAGE,LA TRINIDAD,F,IMG_20250619_161015.jpg
44.5,CABBAGE,LA TRINIDAD,F,IMG_20250619_161029.jpg
67.2,CABBAGE,LA TRINIDAD,F,IMG_20250619_161051.jpg
67.6,CABBAGE,LA TRINIDAD,F,IMG_20250619_161119.jpg
54.2,CABBAGE,LA TRINIDAD,F,IMG_20250619_161150.jpg
55.1,CABBAGE,LA TRINIDAD,F,IMG_20250619_161219.jpg
71.5,CABBAGE,LA TRINIDAD,F,IMG_20250619_161256.jpg
77.4,CABBAGE,LA TRINIDAD,F,IMG_20250619_161329.jpg
82.8,CABBAGE,LA TRINIDAD,F,IMG_20250619_161406.jpg
73.5,CABBAGE,LA TRINIDAD,F,IMG_20250619_161432.jpg
71.3,CABBAGE,LA TRINIDAD,F,IMG_20250619_161453.jpg
53.3,CABBAGE,LA TRINIDAD,F,IMG_20250619_161528.jpg
74.4,CABBAGE,LA TRINIDAD,F,IMG_20250619_161554.jpg
69.0,CABBAGE,LA TRINIDAD,F,IMG_20250619_161611.jpg
52.9,CABBAGE,LA TRINIDAD,F,IMG_20250619_161634.jpg
59.8,CABBAGE,LA TRINIDAD,F,IMG_20250619_161659.jpg
42.1,CABBAGE,LA TRINIDAD,F,IMG_20250619_161719.jpg
62.3,CABBAGE,LA TRINIDAD,F,IMG_20250619_161749.jpg
62.5,CABBAGE,LA TRINIDAD,F,IMG_20250619_161828.jpg
49.9,CABBAGE,LA TRINIDAD,F,IMG_20250619_161853.jpg
67.5,CABBAGE,LA TRINIDAD,F,IMG_20250619_161924.jpg
43.7,CABBAGE,LA TRINIDAD,F,IMG_20250619_161945.jpg
73.2,CABBAGE,LA TRINIDAD,F,IMG_20250619_162009.jpg
70.4,CABBAGE,LA TRINIDAD,F,IMG_20250619_162033.jpg
70.4,CABBAGE,LA TRINIDAD,F,IMG_20250619_162103.jpg
55.7,CABBAGE,LA TRINIDAD,F,IMG_20250619_162133.jpg
72.7,CABBAGE,LA TRINIDAD,F,IMG_20250619_162155.jpg
60.6,CABBAGE,LA TRINIDAD,F,IMG_20250619_162230.jpg
65.9,CABBAGE,LA TRINIDAD,F,IMG_20250619_162309.jpg
84.2,CABBAGE,LA TRINIDAD,F,IMG_20250619_162330.jpg
73.3,CABBAGE,LA TRINIDAD,F,IMG_20250619_162350.jpg
72.9,CABBAGE,LA TRINIDAD,F,IMG_20250619_162417.jpg
66.9,CABBAGE,LA TRINIDAD,F,IMG_20250619_162428.jpg
81.2,CABBAGE,LA TRINIDAD,F,IMG_20250619_162521.jpg
60.5,CABBAGE,LA TRINIDAD,F,IMG_20250619_162548.jpg
79.8,CABBAGE,LA TRINIDAD,F,IMG_20250619_162613.jpg
71.6,CABBAGE,LA TRINIDAD,F,IMG_20250619_162640.jpg
77.1,CABBAGE,LA TRINIDAD,F,IMG_20250619_162712.jpg
83.9,CABBAGE,LA TRINIDAD,F,IMG_20250619_162734.jpg
79.2,CABBAGE,LA TRINIDAD,F,IMG_20250619_162814.jpg
66.8,CABBAGE,LA TRINIDAD,F,IMG_20250619_162840.jpg
29.35,POTATO,LA TRINIDAD,F,IMG_20250619_141921.jpg
27.7,POTATO,LA TRINIDAD,F,IMG_20250619_142351.jpg
24.1,POTATO,LA TRINIDAD,F,IMG_20250619_142630.jpg
31.2,POTATO,LA TRINIDAD,F,IMG_20250619_142800.jpg
43.4,POTATO,LA TRINIDAD,F,IMG_20250619_143006.jpg
36.8,POTATO,LA TRINIDAD,F,IMG_20250619_143101.jpg
33.1,POTATO,LA TRINIDAD,F,IMG_20250619_143248.jpg
26.9,POTATO,LA TRINIDAD,F,IMG_20250619_143415.jpg
2.0,POTATO,LA TRINIDAD,F,IMG_20250619_143551.jpg
39.6,POTATO,LA TRINIDAD,F,IMG_20250619_143758.jpg
19.6,POTATO,LA TRINIDAD,F,IMG_20250619_143928.jpg
33.5,POTATO,LA TRINIDAD,F,IMG_20250619_144007.jpg
43.1,POTATO,LA TRINIDAD,F,IMG_20250619_144314.jpg
21.8,POTATO,LA TRINIDAD,F,IMG_20250619_144441.jpg
37.1,POTATO,LA TRINIDAD,F,IMG_20250619_144519.jpg
30.0,POTATO,LA TRINIDAD,F,IMG_20250619_144627.jpg
20.7,POTATO,LA TRINIDAD,F,IMG_20250619_144747.jpg
21.0,POTATO,LA TRINIDAD,F,IMG_20250619_144948.jpg
21.9,POTATO,LA TRINIDAD,F,IMG_20250619_145131.jpg
37.1,POTATO,LA TRINIDAD,F,IMG_20250619_145215.jpg
13.4,POTATO,LA TRINIDAD,F,IMG_20250619_145322.jpg
42.1,POTATO,LA TRINIDAD,F,IMG_20250619_145355.jpg
40.3,POTATO,LA TRINIDAD,F,IMG_20250619_145501.jpg
46.4,POTATO,LA TRINIDAD,F,IMG_20250619_145600.jpg
42.1,POTATO,LA TRINIDAD,F,IMG_20250619_145644.jpg
41.1,POTATO,LA TRINIDAD,F,IMG_20250619_145821.jpg
35.6,POTATO,LA TRINIDAD,F,IMG_20250619_145927.jpg
36.6,POTATO,LA TRINIDAD,F,IMG_20250619_150018.jpg
25.8,POTATO,LA TRINIDAD,F,IMG_20250619_150205.jpg
38.2,POTATO,LA TRINIDAD,F,IMG_20250619_150317.jpg
40.2,POTATO,LA TRINIDAD,F,IMG_20250619_150417.jpg
32.9,POTATO,LA TRINIDAD,F,IMG_20250619_150524.jpg
30.1,POTATO,LA TRINIDAD,F,IMG_20250619_150616.jpg
34.3,POTATO,LA TRINIDAD,F,IMG_20250619_150657.jpg
37.6,POTATO,LA TRINIDAD,F,IMG_20250619_150739.jpg
36.4,POTATO,LA TRINIDAD,F,IMG_20250619_150857.jpg
32.2,POTATO,LA TRINIDAD,F,IMG_20250619_150953.jpg
42.6,POTATO,LA TRINIDAD,F,IMG_20250619_151034.jpg
31.4,POTATO,LA TRINIDAD,F,IMG_20250619_151146.jpg
32.8,POTATO,LA TRINIDAD,F,IMG_20250619_151236.jpg
43.0,POTATO,LA TRINIDAD,F,IMG_20250619_151441.jpg
37.2,POTATO,LA TRINIDAD,F,IMG_20250619_151536.jpg
38.9,POTATO,LA TRINIDAD,F,IMG_20250619_151626.jpg
36.7,POTATO,LA TRINIDAD,F,IMG_20250619_151718.jpg
45.1,POTATO,LA TRINIDAD,F,IMG_20250619_151738.jpg
40.4,POTATO,LA TRINIDAD,F,IMG_20250619_151827.jpg
30.1,POTATO,LA TRINIDAD,F,IMG_20250619_151855.jpg
36.9,POTATO,LA TRINIDAD,F,IMG_20250619_151914.jpg
35.5,POTATO,LA TRINIDAD,F,IMG_20250619_151957.jpg
42.4,POTATO,LA TRINIDAD,F,IMG_20250619_152022.jpg
41.4,POTATO,LA TRINIDAD,F,IMG_20250619_152058.jpg
44.8,POTATO,LA TRINIDAD,F,IMG_20250619_152129.jpg
43.9,POTATO,LA TRINIDAD,F,IMG_20250619_152210.jpg
44.9,POTATO,LA TRINIDAD,F,IMG_20250619_152255.jpg
14.5,POTATO,LA TRINIDAD,F,IMG_20250619_152329.jpg
19.5,POTATO,LA TRINIDAD,F,IMG_20250619_152406.jpg
32.3,POTATO,LA TRINIDAD,F,IMG_20250619_152452.jpg
27.1,POTATO,LA TRINIDAD,F,IMG_20250619_152553.jpg
45.5,POTATO,LA TRINIDAD,F,IMG_20250619_152631.jpg
32.4,POTATO,LA TRINIDAD,F,IMG_20250619_152738.jpg
35.1,POTATO,LA TRINIDAD,F,IMG_20250619_152857.jpg
27.3,POTATO,LA TRINIDAD,F,IMG_20250619_152941.jpg
11.1,POTATO,LA TRINIDAD,F,IMG_20250619_153015.jpg
34.2,POTATO,LA TRINIDAD,F,IMG_20250619_154258.jpg
40.9,POTATO,LA TRINIDAD,F,IMG_20250619_154337.jpg
35.7,POTATO,LA TRINIDAD,F,IMG_20250619_154431.jpg
38.0,POTATO,LA TRINIDAD,F,IMG_20250619_154515.jpg
33.6,POTATO,LA TRINIDAD,F,IMG_20250619_154617.jpg
35.2,POTATO,LA TRINIDAD,F,IMG_20250619_154658.jpg
37.1,POTATO,LA TRINIDAD,F,IMG_20250619_154728.jpg
36.8,POTATO,LA TRINIDAD,F,IMG_20250619_154813.jpg
40.0,POTATO,LA TRINIDAD,F,IMG_20250619_154844.jpg
39.3,POTATO,LA TRINIDAD,F,IMG_20250619_154910.jpg
38.2,POTATO,LA TRINIDAD,F,IMG_20250619_154933.jpg
40.4,POTATO,LA TRINIDAD,F,IMG_20250619_154950.jpg
38.3,POTATO,LA TRINIDAD,F,IMG_20250619_155037.jpg
35.5,POTATO,LA TRINIDAD,F,IMG_20250619_155100.jpg
40.5,POTATO,LA TRINIDAD,F,IMG_20250619_155137.jpg
30.6,POTATO,LA TRINIDAD,F,IMG_20250619_155215.jpg
36.7,POTATO,LA TRINIDAD,F,IMG_20250619_155318.jpg
30.7,POTATO,LA TRINIDAD,F,IMG_20250619_155410.jpg
23.7,POTATO,LA TRINIDAD,F,IMG_20250619_155446.jpg
37.8,POTATO,LA TRINIDAD,F,IMG_20250619_155520.jpg
38.9,POTATO,LA TRINIDAD,F,IMG_20250619_155612.jpg
40.1,POTATO,LA TRINIDAD,F,IMG_20250619_155727.jpg
37.7,POTATO,LA TRINIDAD,F,IMG_20250619_155751.jpg
37.4,POTATO,LA TRINIDAD,F,IMG_20250619_155836.jpg
44.6,POTATO,LA TRINIDAD,F,IMG_20250619_155919.jpg
36.5,POTATO,LA TRINIDAD,F,IMG_20250619_155947.jpg
25.2,POTATO,LA TRINIDAD,F,IMG_20250619_160116.jpg
8.2,POTATO,LA TRINIDAD,F,IMG_20250619_160145.jpg
29.2,POTATO,LA TRINIDAD,F,IMG_20250619_160213.jpg
29.5,POTATO,LA TRINIDAD,F,IMG_20250619_160241.jpg
29.1,POTATO,LA TRINIDAD,F,IMG_20250619_160306.jpg
24.6,POTATO,LA TRINIDAD,F,IMG_20250619_160346.jpg
29.8,POTATO,LA TRINIDAD,F,IMG_20250619_160448.jpg
38.7,POTATO,LA TRINIDAD,F,IMG_20250619_160555.jpg
28.4,POTATO,LA TRINIDAD,F,IMG_20250619_160625.jpg
26.5,POTATO,LA TRINIDAD,F,IMG_20250619_160756.jpg
38.3,POTATO,LA TRINIDAD,F,IMG_20250619_160900.jpg
37.3,POTATO,LA TRINIDAD,F,IMG_20250619_160922.jpg
27.8,POTATO,LA TRINIDAD,F,IMG_20250619_161004.jpg
37.2,POTATO,LA TRINIDAD,F,IMG_20250619_161030.jpg
27.6,POTATO,LA TRINIDAD,F,IMG_20250619_161105.jpg
24.1,POTATO,LA TRINIDAD,F,IMG_20250619_161220.jpg
29.2,POTATO,LA TRINIDAD,F,IMG_20250619_161253.jpg
34.7,POTATO,LA TRINIDAD,F,IMG_20250619_161322.jpg
31.6,POTATO,LA TRINIDAD,F,IMG_20250619_161355.jpg
27.8,POTATO,LA TRINIDAD,F,IMG_20250619_161429.jpg
28.9,POTATO,LA TRINIDAD,F,IMG_20250619_161508.jpg
47.0,POTATO,LA TRINIDAD,F,IMG_20250619_161620.jpg
43.9,POTATO,LA TRINIDAD,F,IMG_20250619_161705.jpg
43.4,POTATO,LA TRINIDAD,F,IMG_20250619_161735.jpg
48.2,POTATO,LA TRINIDAD,F,IMG_20250619_161839.jpg
28.1,POTATO,LA TRINIDAD,F,IMG_20250619_161858.jpg
46.6,POTATO,LA TRINIDAD,F,IMG_20250619_161927.jpg
34.9,POTATO,LA TRINIDAD,F,IMG_20250619_161954.jpg
22.6,POTATO,LA TRINIDAD,F,IMG_20250619_162012.jpg
26.0,POTATO,LA TRINIDAD,F,IMG_20250619_162030.jpg
26.5,POTATO,LA TRINIDAD,F,IMG_20250619_162105.jpg
41.4,CABBAGE,LA TRINIDAD,L,IMG_20250620_133618.jpg
45.2,CABBAGE,LA TRINIDAD,L,IMG_20250620_133704.jpg
43.0,CABBAGE,LA TRINIDAD,L,IMG_20250620_133807.jpg
35.2,CABBAGE,LA TRINIDAD,L,IMG_20250620_133831.jpg
51.8,CABBAGE,LA TRINIDAD,L,IMG_20250620_133939.jpg
46.2,CABBAGE,LA TRINIDAD,L,IMG_20250620_134155.jpg
48.0,CABBAGE,LA TRINIDAD,L,IMG_20250620_134257.jpg
43.7,CABBAGE,LA TRINIDAD,L,IMG_20250620_134340.jpg
34.7,CABBAGE,LA TRINIDAD,L,IMG_20250620_134501.jpg
31.1,CABBAGE,LA TRINIDAD,L,IMG_20250620_134516.jpg
67.7,CABBAGE,LA TRINIDAD,L,IMG_20250620_134700.jpg
51.5,CABBAGE,LA TRINIDAD,L,IMG_20250620_134725.jpg
51.9,CABBAGE,LA TRINIDAD,L,IMG_20250620_134838.jpg
38.7,CABBAGE,LA TRINIDAD,L,IMG_20250620_134931.jpg
21.3,CABBAGE,LA TRINIDAD,L,IMG_20250620_135038.jpg
50.6,CABBAGE,LA TRINIDAD,L,IMG_20250620_135042.jpg
32.1,CABBAGE,LA TRINIDAD,L,IMG_20250620_135137.jpg
49.8,CABBAGE,LA TRINIDAD,L,IMG_20250620_135142.jpg
40.2,CABBAGE,LA TRINIDAD,L,IMG_20250620_135215.jpg
38.5,CABBAGE,LA TRINIDAD,L,IMG_20250620_135235.jpg
42.1,CABBAGE,LA TRINIDAD,L,IMG_20250620_135258.jpg
57.4,CABBAGE,LA TRINIDAD,L,IMG_20250620_135334.jpg
48.6,CABBAGE,LA TRINIDAD,L,IMG_20250620_135342.jpg
50.2,CABBAGE,LA TRINIDAD,L,IMG_20250620_135430.jpg
49.2,CABBAGE,LA TRINIDAD,L,IMG_20250620_135513.jpg
50.3,CABBAGE,LA TRINIDAD,L,IMG_20250620_135527.jpg
42.3,CABBAGE,LA TRINIDAD,L,IMG_20250620_135556.jpg
54.7,CABBAGE,LA TRINIDAD,L,IMG_20250620_135635.jpg
31.5,CABBAGE,LA TRINIDAD,L,IMG_20250620_135639.jpg
35.3,CABBAGE,LA TRINIDAD,L,IMG_20250620_135740.jpg
50.2,CABBAGE,LA TRINIDAD,L,IMG_20250620_135757.jpg
39.8,CABBAGE,LA TRINIDAD,L,IMG_20250620_135816.jpg
43.3,CABBAGE,LA TRINIDAD,L,IMG_20250620_135845.jpg
38.3,CABBAGE,LA TRINIDAD,L,IMG_20250620_135909.jpg
52.0,CABBAGE,LA TRINIDAD,L,IMG_20250620_135911.jpg
44.2,CABBAGE,LA TRINIDAD,L,IMG_20250620_140007.jpg
48.8,CABBAGE,LA TRINIDAD,L,IMG_20250620_140037.jpg
46.4,CABBAGE,LA TRINIDAD,L,IMG_20250620_140047.jpg
75.6,CABBAGE,LA TRINIDAD,L,IMG_20250620_140124.jpg
35.5,CABBAGE,LA TRINIDAD,L,IMG_20250620_140145.jpg
33.6,CABBAGE,LA TRINIDAD,L,IMG_20250620_140213.jpg
49.5,CABBAGE,LA TRINIDAD,L,IMG_20250620_140238.jpg
38.5,CABBAGE,LA TRINIDAD,L,IMG_20250620_140257.jpg
55.0,CABBAGE,LA TRINIDAD,L,IMG_20250620_140329.jpg
49.4,CABBAGE,LA TRINIDAD,L,IMG_20250620_140346.jpg
39.7,CABBAGE,LA TRINIDAD,L,IMG_20250620_140407.jpg
45.3,CABBAGE,LA TRINIDAD,L,IMG_20250620_140448.jpg
28.5,CABBAGE,LA TRINIDAD,L,IMG_20250620_140506.jpg
44.7,CABBAGE,LA TRINIDAD,L,IMG_20250620_140531.jpg
38.3,CABBAGE,LA TRINIDAD,L,IMG_20250620_140603.jpg
62.5,CABBAGE,LA TRINIDAD,L,IMG_20250620_140631.jpg
50.0,CABBAGE,LA TRINIDAD,L,IMG_20250620_140702.jpg
24.1,CABBAGE,LA TRINIDAD,L,IMG_20250620_140718.jpg
51.6,CABBAGE,LA TRINIDAD,L,IMG_20250620_140815.jpg
44.0,CABBAGE,LA TRINIDAD,L,IMG_20250620_140822.jpg
37.7,CABBAGE,LA TRINIDAD,L,IMG_20250620_140850.jpg
51.1,CABBAGE,LA TRINIDAD,L,IMG_20250620_140902.jpg
54.2,CABBAGE,LA TRINIDAD,L,IMG_20250620_140914.jpg
30.4,CABBAGE,LA TRINIDAD,L,IMG_20250620_140930.jpg
40.6,CABBAGE,LA TRINIDAD,L,IMG_20250620_140938.jpg
49.6,CABBAGE,LA TRINIDAD,L,IMG_20250620_141010.jpg
37.1,CABBAGE,LA TRINIDAD,L,IMG_20250620_141023.jpg
47.6,CABBAGE,LA TRINIDAD,L,IMG_20250620_141037.jpg
37.0,CABBAGE,LA TRINIDAD,L,IMG_20250620_141053.jpg
17.4,CABBAGE,LA TRINIDAD,L,IMG_20250620_141112.jpg
40.5,CABBAGE,LA TRINIDAD,L,IMG_20250620_141124.jpg
32.2,CABBAGE,LA TRINIDAD,L,IMG_20250620_141141.jpg
39.2,CABBAGE,LA TRINIDAD,L,IMG_20250620_141154.jpg
61.4,CABBAGE,LA TRINIDAD,L,IMG_20250620_141212.jpg
27.9,CABBAGE,LA TRINIDAD,L,IMG_20250620_141213.jpg
40.2,CABBAGE,LA TRINIDAD,L,IMG_20250620_141300.jpg
41.5,CABBAGE,LA TRINIDAD,L,IMG_20250620_141328.jpg
43.3,CABBAGE,LA TRINIDAD,L,IMG_20250620_141715.jpg
36.9,CABBAGE,LA TRINIDAD,L,IMG_20250620_141852.jpg
35.8,CABBAGE,LA TRINIDAD,L,IMG_20250620_141951.jpg
49.9,CABBAGE,LA TRINIDAD,L,IMG_20250620_142000.jpg
47.7,CABBAGE,LA TRINIDAD,L,IMG_20250620_142022.jpg
35.7,CABBAGE,LA TRINIDAD,L,IMG_20250620_142033.jpg
51.7,CABBAGE,LA TRINIDAD,L,IMG_20250620_142053.jpg
37.6,CABBAGE,LA TRINIDAD,L,IMG_20250620_142112.jpg
38.0,CABBAGE,LA TRINIDAD,L,IMG_20250620_142141.jpg
47.3,CABBAGE,LA TRINIDAD,L,IMG_20250620_142206.jpg
56.6,CABBAGE,LA TRINIDAD,L,IMG_20250620_142224.jpg
23.1,CABBAGE,LA TRINIDAD,L,IMG_20250620_142246.jpg
47.2,CABBAGE,LA TRINIDAD,L,IMG_20250620_142303.jpg
41.0,CABBAGE,LA TRINIDAD,L,IMG_20250620_142313.jpg
61.3,CABBAGE,LA TRINIDAD,L,IMG_20250620_142412.jpg
37.0,CABBAGE,LA TRINIDAD,L,IMG_20250620_142415.jpg
47.4,CABBAGE,LA TRINIDAD,L,IMG_20250620_142436.jpg
38.8,CABBAGE,LA TRINIDAD,L,IMG_20250620_142444.jpg
31.7,CABBAGE,LA TRINIDAD,L,IMG_20250620_142510.jpg
22.7,CABBAGE,LA TRINIDAD,L,IMG_20250620_142511.jpg
51.0,CABBAGE,LA TRINIDAD,L,IMG_20250620_142533.jpg
45.1,CABBAGE,LA TRINIDAD,L,IMG_20250620_142550.jpg
37.1,CABBAGE,LA TRINIDAD,L,IMG_20250620_142554.jpg
38.2,CABBAGE,LA TRINIDAD,L,IMG_20250620_142710.jpg
55.6,CABBAGE,LA TRINIDAD,L,IMG_20250620_142728.jpg
45.8,CABBAGE,LA TRINIDAD,L,IMG_20250620_142900.jpg
50.3,CABBAGE,LA TRINIDAD,L,IMG_20250620_142946.jpg
56.5,CABBAGE,LA TRINIDAD,L,IMG_20250620_143059.jpg
46.4,CABBAGE,LA TRINIDAD,L,IMG_20250620_143142.jpg
44.8,CABBAGE,LA TRINIDAD,L,IMG_20250620_143210.jpg
39.0,CABBAGE,LA TRINIDAD,L,IMG_20250620_143257.jpg
47.3,CABBAGE,LA TRINIDAD,L,IMG_20250620_143354.jpg
51.3,CABBAGE,LA TRINIDAD,L,IMG_20250620_143421.jpg
36.1,CABBAGE,LA TRINIDAD,L,IMG_20250620_143512.jpg
49.4,CABBAGE,LA TRINIDAD,L,IMG_20250620_143546.jpg
36.4,CABBAGE,ATOK,F,IMG_20250327_043809.jpg
28.4,CABBAGE,ATOK,F,IMG_20250327_043942.jpg
17.4,CABBAGE,ATOK,F,IMG_20250327_044015.jpg
30.0,CABBAGE,ATOK,F,IMG_20250327_044037.jpg
33.2,CABBAGE,ATOK,F,IMG_20250327_044106.jpg
18.1,CABBAGE,ATOK,F,IMG_20250327_044212.jpg
43.2,CABBAGE,ATOK,F,IMG_20250327_044241.jpg
54.9,CABBAGE,ATOK,F,IMG_20250327_044258.jpg
64.7,CABBAGE,ATOK,F,IMG_20250327_044322.jpg
47.8,CABBAGE,ATOK,F,IMG_20250327_044353.jpg
32.6,CABBAGE,ATOK,F,IMG_20250327_044442.jpg
26.7,CABBAGE,ATOK,F,IMG_20250327_044512.jpg
9.6,CABBAGE,ATOK,F,IMG_20250327_044531.jpg
20.8,CABBAGE,ATOK,F,IMG_20250327_044549.jpg
37.1,CABBAGE,ATOK,F,IMG_20250327_044632.jpg
27.3,CABBAGE,ATOK,F,IMG_20250327_044714.jpg
53.9,CABBAGE,ATOK,F,IMG_20250327_044735.jpg
35.3,CABBAGE,ATOK,F,IMG_20250327_044806.jpg
27.9,CABBAGE,ATOK,F,IMG_20250327_044835.jpg
34.9,CABBAGE,ATOK,F,IMG_20250327_044911.jpg
34.5,CABBAGE,ATOK,F,IMG_20250327_044938.jpg
41.5,CABBAGE,ATOK,F,IMG_20250327_045011.jpg
32.5,CABBAGE,ATOK,F,IMG_20250327_045100.jpg
37.8,CABBAGE,ATOK,F,IMG_20250327_045131.jpg
32.2,CABBAGE,ATOK,F,IMG_20250327_045202.jpg
5.8,CABBAGE,ATOK,F,IMG_20250327_045232.jpg
37.6,CABBAGE,ATOK,F,IMG_20250327_045301.jpg
27.5,CABBAGE,ATOK,F,IMG_20250327_045320.jpg
28.8,CABBAGE,ATOK,F,IMG_20250327_045344.jpg
41.1,CABBAGE,ATOK,F,IMG_20250327_045445.jpg
13.0,CABBAGE,ATOK,F,IMG_20250327_045518.jpg
16.4,CABBAGE,ATOK,F,IMG_20250327_045543.jpg
34.3,CABBAGE,ATOK,F,IMG_20250327_045632.jpg
29.0,CABBAGE,ATOK,F,IMG_20250327_045713.jpg
16.8,CABBAGE,ATOK,F,IMG_20250327_045741.jpg
8.8,CABBAGE,ATOK,F,IMG_20250327_045826.jpg
34.8,CABBAGE,ATOK,F,IMG_20250327_045905.jpg
32.5,CABBAGE,ATOK,F,IMG_20250327_045944.jpg
25.2,CABBAGE,ATOK,F,IMG_20250327_050038.jpg
34.3,CABBAGE,ATOK,F,IMG_20250327_050140.jpg
33.6,CABBAGE,ATOK,F,IMG_20250327_050231.jpg
37.1,CABBAGE,ATOK,F,IMG_20250327_050322.jpg
39.1,CABBAGE,ATOK,F,IMG_20250327_050409.jpg
27.8,CABBAGE,ATOK,F,IMG_20250327_050534.jpg
21.8,CABBAGE,ATOK,F,IMG_20250327_050612.jpg
42.6,CABBAGE,ATOK,F,IMG_20250327_050641.jpg
5.3,CABBAGE,ATOK,F,IMG_20250327_050713.jpg
24.5,CABBAGE,ATOK,F,IMG_20250327_050750.jpg
37.6,CABBAGE,ATOK,F,IMG_20250327_050829.jpg
40.9,CABBAGE,ATOK,F,IMG_20250327_051429.jpg
28.6,CABBAGE,ATOK,F,IMG_20250327_051509.jpg
22.4,CABBAGE,ATOK,F,IMG_20250327_051554.jpg
46.0,CABBAGE,ATOK,F,IMG_20250327_051627.jpg
21.3,CABBAGE,ATOK,F,IMG_20250327_051657.jpg
29.3,CABBAGE,ATOK,F,IMG_20250327_051725.jpg
37.2,CABBAGE,ATOK,F,IMG_20250327_051752.jpg
32.4,CABBAGE,ATOK,F,IMG_20250327_051818.jpg
51.9,CABBAGE,ATOK,F,IMG_20250327_051845.jpg
64.4,CABBAGE,ATOK,F,IMG_20250327_051913.jpg
34.9,CABBAGE,ATOK,F,IMG_20250327_051948.jpg
45.1,CABBAGE,ATOK,F,IMG_20250327_052005.jpg
47.9,CABBAGE,ATOK,F,IMG_20250327_052028.jpg
36.7,CABBAGE,ATOK,F,IMG_20250327_052102.jpg
49.6,CABBAGE,ATOK,F,IMG_20250327_052120.jpg
24.7,CABBAGE,ATOK,F,IMG_20250327_052144.jpg
24.9,CABBAGE,ATOK,F,IMG_20250327_052202.jpg
31.7,CABBAGE,ATOK,F,IMG_20250327_052222.jpg
15.6,CABBAGE,ATOK,F,IMG_20250327_052237.jpg
33.7,CABBAGE,ATOK,F,IMG_20250327_052301.jpg
36.7,CABBAGE,ATOK,F,IMG_20250327_071533.jpg
4.5,CABBAGE,ATOK,L,IMG_20250327_071606.jpg
5.4,CABBAGE,ATOK,L,IMG_20250327_071638.jpg
6.2,CABBAGE,ATOK,L,IMG_20250327_071702.jpg
10.8,CABBAGE,ATOK,L,IMG_20250327_071731.jpg
5.9,CABBAGE,ATOK,L,IMG_20250327_071748.jpg
6.5,CABBAGE,ATOK,L,IMG_20250327_071807.jpg
8.9,CABBAGE,ATOK,L,IMG_20250327_071821.jpg
26.1,CABBAGE,ATOK,L,IMG_20250327_071950.jpg
5.5,CABBAGE,ATOK,L,IMG_20250327_072014.jpg
16.3,CABBAGE,ATOK,L,IMG_20250327_072026.jpg
6.2,CABBAGE,ATOK,L,IMG_20250327_072040.jpg
38.3,CABBAGE,ATOK,L,IMG_20250327_072057.jpg
4.4,CABBAGE,ATOK,L,IMG_20250327_072117.jpg
1.7,CABBAGE,ATOK,L,IMG_20250327_072132.jpg
8.0,CABBAGE,ATOK,L,IMG_20250327_072201.jpg
4.5,CABBAGE,ATOK,L,IMG_20250327_072227.jpg
2.5,CABBAGE,ATOK,L,IMG_20250327_072252.jpg
29.2,CABBAGE,ATOK,L,IMG_20250327_072316.jpg
28.1,CABBAGE,ATOK,L,IMG_20250327_072340.jpg
1.9,CABBAGE,ATOK,L,IMG_20250327_072443.jpg
14.5,CABBAGE,ATOK,L,IMG_20250327_072514.jpg
4.6,CABBAGE,ATOK,L,IMG_20250327_072535.jpg
10.1,CABBAGE,ATOK,L,IMG_20250327_072550.jpg
23.4,CABBAGE,ATOK,L,IMG_20250327_072601.jpg
5.1,CABBAGE,ATOK,L,IMG_20250327_072626.jpg
17.5,CABBAGE,ATOK,L,IMG_20250327_072714.jpg
6.2,CABBAGE,ATOK,L,IMG_20250327_072745.jpg
2.4,CABBAGE,ATOK,L,IMG_20250327_072819.jpg
37.8,CABBAGE,ATOK,L,IMG_20250327_072830.jpg
14.8,CABBAGE,ATOK,L,IMG_20250327_072916.jpg
12.5,CABBAGE,ATOK,L,IMG_20250327_072932.jpg
27.2,CABBAGE,ATOK,L,IMG_20250327_072947.jpg
13.4,CABBAGE,ATOK,L,IMG_20250327_073001.jpg
1.1,CABBAGE,ATOK,L,IMG_20250327_073020.jpg
1.6,CABBAGE,ATOK,L,IMG_20250327_073031.jpg
9.6,CABBAGE,ATOK,L,IMG_20250327_073054.jpg
20.6,CABBAGE,ATOK,L,IMG_20250327_073116.jpg
3.7,CABBAGE,ATOK,L,IMG_20250327_073127.jpg
2.5,CABBAGE,ATOK,L,IMG_20250327_073147.jpg
25.3,CABBAGE,ATOK,L,IMG_20250327_073218.jpg
9.6,CABBAGE,ATOK,L,IMG_20250327_073241.jpg
2.0,CABBAGE,ATOK,L,IMG_20250327_073252.jpg
17.2,CABBAGE,ATOK,L,IMG_20250327_073336.jpg
24.4,CABBAGE,ATOK,L,IMG_20250327_073345.jpg
41.7,CABBAGE,ATOK,F,IMG_20250702_105006.jpg
38.9,CABBAGE,ATOK,F,IMG_20250702_105054.jpg
34.6,CABBAGE,ATOK,F,IMG_20250702_105146.jpg
37.2,CABBAGE,ATOK,F,IMG_20250702_105520.jpg
39.6,CABBAGE,ATOK,F,IMG_20250702_105607.jpg
40.8,CABBAGE,ATOK,F,IMG_20250702_105702.jpg
47.4,CABBAGE,ATOK,F,IMG_20250702_105750.jpg
45.4,CABBAGE,ATOK,F,IMG_20250702_105846.jpg
45.8,CABBAGE,ATOK,F,IMG_20250702_105954.jpg
42.4,CABBAGE,ATOK,F,IMG_20250702_110108.jpg
44.4,CABBAGE,ATOK,F,IMG_20250702_110159.jpg
29.1,CABBAGE,ATOK,F,IMG_20250702_110237.jpg
42.2,CABBAGE,ATOK,F,IMG_20250702_110334.jpg
51.2,CABBAGE,ATOK,F,IMG_20250702_110452.jpg
25.1,CABBAGE,ATOK,F,IMG_20250702_110534.jpg
18.4,CABBAGE,ATOK,F,IMG_20250702_110636.jpg
45.0,CABBAGE,ATOK,F,IMG_20250702_110731.jpg
44.2,CABBAGE,ATOK,F,IMG_20250702_110838.jpg
61.9,CABBAGE,ATOK,F,IMG_20250702_110952.jpg
62.9,CABBAGE,ATOK,F,IMG_20250702_111202.jpg
53.1,CABBAGE,ATOK,F,IMG_20250702_111313.jpg
31.7,CABBAGE,ATOK,F,IMG_20250702_111434.jpg
47.9,CABBAGE,ATOK,F,IMG_20250702_111616.jpg
53.5,CABBAGE,ATOK,F,IMG_20250702_111717.jpg
39.2,CABBAGE,ATOK,F,IMG_20250702_111801.jpg
53.7,CABBAGE,ATOK,F,IMG_20250702_111951.jpg
52.8,CABBAGE,ATOK,F,IMG_20250702_112035.jpg
46.7,CABBAGE,ATOK,F,IMG_20250702_112129.jpg
44.1,CABBAGE,ATOK,F,IMG_20250702_112208.jpg
49.4,CABBAGE,ATOK,F,IMG_20250702_112301.jpg
50.1,CABBAGE,ATOK,F,IMG_20250702_112413.jpg
11.5,CABBAGE,ATOK,L,IMG_20250702_132311.jpg
9.1,CABBAGE,ATOK,L,IMG_20250702_132332.jpg
10.1,CABBAGE,ATOK,L,IMG_20250702_132426.jpg
8.8,CABBAGE,ATOK,L,IMG_20250702_132450.jpg
7.6,CABBAGE,ATOK,L,IMG_20250702_132505.jpg
7.9,CABBAGE,ATOK,L,IMG_20250702_132519.jpg
13.0,CABBAGE,ATOK,L,IMG_20250702_132532.jpg
15.8,CABBAGE,ATOK,L,IMG_20250702_132542.jpg
10.1,CABBAGE,ATOK,L,IMG_20250702_132558.jpg
10.7,CABBAGE,ATOK,L,IMG_20250702_132615.jpg
3.8,CABBAGE,ATOK,L,IMG_20250702_132642.jpg
18.2,CABBAGE,ATOK,L,IMG_20250702_132659.jpg
3.9,CABBAGE,ATOK,L,IMG_20250702_132710.jpg
8.2,CABBAGE,ATOK,L,IMG_20250702_132731.jpg
3.3,CABBAGE,ATOK,L,IMG_20250702_132742.jpg
5.5,CABBAGE,ATOK,L,IMG_20250702_132759.jpg
2.8,CABBAGE,ATOK,L,IMG_20250702_132822.jpg
9.0,CABBAGE,ATOK,L,IMG_20250702_132837.jpg
7.6,CABBAGE,ATOK,L,IMG_20250702_132904.jpg
3.6,CABBAGE,ATOK,L,IMG_20250702_132919.jpg
7.1,CABBAGE,ATOK,L,IMG_20250702_132932.jpg
11.7,CABBAGE,ATOK,L,IMG_20250702_132947.jpg
2.6,CABBAGE,ATOK,L,IMG_20250702_133002.jpg
4.0,CABBAGE,ATOK,L,IMG_20250702_133027.jpg
16.9,CABBAGE,ATOK,L,IMG_20250702_133051.jpg
4.9,CABBAGE,ATOK,L,IMG_20250702_133109.jpg
13.9,CABBAGE,ATOK,L,IMG_20250702_133130.jpg
12.7,CABBAGE,ATOK,L,IMG_20250702_133149.jpg
3.3,CABBAGE,ATOK,L,IMG_20250702_133206.jpg
1.7,CABBAGE,ATOK,L,IMG_20250702_133216.jpg
12.8,CABBAGE,ATOK,L,IMG_20250702_133233.jpg
2.6,CABBAGE,ATOK,L,IMG_20250702_133252.jpg
17.6,CABBAGE,ATOK,L,IMG_20250702_133313.jpg
7.4,CABBAGE,ATOK,L,IMG_20250702_133330.jpg
28.9,CABBAGE,ATOK,L,IMG_20250702_133339.jpg
6.0,CABBAGE,ATOK,L,IMG_20250702_133354.jpg
2.9,CABBAGE,ATOK,L,IMG_20250702_133404.jpg
9.8,CABBAGE,ATOK,L,IMG_20250702_133419.jpg
9.1,CABBAGE,ATOK,L,IMG_20250702_133443.jpg
40.3,CABBAGE,ATOK,L,IMG_20250702_133455.jpg
4.4,CABBAGE,ATOK,L,IMG_20250702_133512.jpg
9.6,CABBAGE,ATOK,L,IMG_20250702_133524.jpg
7.7,CABBAGE,ATOK,L,IMG_20250702_133536.jpg
16.0,CABBAGE,ATOK,L,IMG_20250702_133552.jpg
6.6,CABBAGE,ATOK,L,IMG_20250702_133610.jpg
18.6,CABBAGE,ATOK,L,IMG_20250702_133637.jpg
9.6,CABBAGE,ATOK,L,IMG_20250702_133648.jpg
5.6,CABBAGE,ATOK,L,IMG_20250702_133657.jpg
7.6,CABBAGE,ATOK,L,IMG_20250702_133709.jpg
7.5,CABBAGE,ATOK,L,IMG_20250702_133727.jpg
6.2,CABBAGE,ATOK,L,IMG_20250702_133739.jpg
18.2,CABBAGE,ATOK,L,IMG_20250702_133755.jpg
4.9,CABBAGE,ATOK,L,IMG_20250702_133825.jpg
4.2,CABBAGE,ATOK,L,IMG_20250702_133835.jpg
10.3,CABBAGE,ATOK,L,IMG_20250702_133846.jpg
1.5,CABBAGE,ATOK,L,IMG_20250702_133949.jpg
9.4,CABBAGE,ATOK,L,IMG_20250702_134000.jpg
2.7,CABBAGE,ATOK,L,IMG_20250702_134012.jpg
9.2,CABBAGE,ATOK,L,IMG_20250702_134038.jpg
1.6,CABBAGE,ATOK,L,IMG_20250702_134047.jpg
10.0,CABBAGE,ATOK,L,IMG_20250702_134108.jpg
